TranDescription,TranValueDate,TranEntryDate,TranAmount,TranTransactionType,TranReference,TranDebitCredit,TranAccountServicingReference,StmAccount,StmClosingAvailableBalanceAmount,StmClosingAvailableBalanceCurrency,StmClosingAvailableBalanceDebitCredit,StmClosingAvailableBalanceEntryDate,StmClosingBalanceAmount,StmClosingBalanceCurrency,StmClosingBalanceDebitCredit,StmClosingBalanceEntryDate,StmOpeningBalanceAmount,StmOpeningBalanceCurrency,StmOpeningBalanceDebitCredit,StmOpeningBalanceEntryDate,StmSequenceNumber,StmStatementNumber,StmTransactionReference
009ZLQM201320001 SWEEP IN From :XXX58XXXX1001 To:00x52xxxxxxxx00,05-11-2020,05-11-2020,12057.40,NTRF,009ZLQM201320001,C,SWEEP IN,00x52xxxxxxxx001,0.00,AED,D,05-11-2020,0.00,AED,D,05-11-2020,0.00,AED,D,02-12-2020,1,440,CBX1205203888451
596950 COUNTER CHEQUE WITHDRAWAL,05-11-2020,05-11-2020,12057.40,NCHK,596950,D,COUNTER CHEQUE WITHDRAWAL,00x52xxxxxxxx001,0.00,AED,D,05-11-2020,0.00,AED,D,05-11-2020,0.00,AED,D,02-12-2020,1,440,CBX1205203888451
009ZLQM201260001 SWEEP IN From :XXX58XXXX1001 To:00x52xxxxxxxx00,05-05-2020,05-05-2020,2133163.05,NTRF,009ZLQM201260001,C,SWEEP IN,00x52xxxxxxxx001,0.00,AED,D,05-11-2020,0.00,AED,D,05-11-2020,0.00,AED,D,02-12-2020,1,440,CBX1205203888451
997e610201260001 OUTGOING DOMESTIC FUND TRANSFER BTXXXX0401779556,05-05-2020,05-05-2020,10060.05,NTRF,997e610201260001,D,OUTGOING DOMESTIC FUND TRANSFER,00x52xxxxxxxx001,0.00,AED,D,05-11-2020,0.00,AED,D,05-11-2020,0.00,AED,D,02-12-2020,1,440,CBX1205203888451
997e609201260001 OUTGOING DOMESTIC FUND TRANSFER BTXXXX0401779566,05-05-2020,05-05-2020,5103.00,NTRF,997e609201260001,D,OUTGOING DOMESTIC FUND TRANSFER,00x52xxxxxxxx001,0.00,AED,D,05-11-2020,0.00,AED,D,05-11-2020,0.00,AED,D,02-12-2020,1,440,CBX1205203888451
997b760201260001 ACCOUNT TO ACCOUNT TRANSFER DEBIT BTXXXX03017762,05-05-2020,05-05-2020,118000.00,NTRF,997b760201260001,D,ACCOUNT TO ACCOUNT TRANSFER DEBIT,00x52xxxxxxxx001,0.00,AED,D,05-11-2020,0.00,AED,D,05-11-2020,0.00,AED,D,02-12-2020,1,440,CBX1205203888451
997b790201260001 OUTGOING DOMESTIC FUND TRANSFER BTXXXX0301776234,05-05-2020,05-05-2020,1500000.00,NTRF,997b790201260001,D,OUTGOING DOMESTIC FUND TRANSFER,00x52xxxxxxxx001,0.00,AED,D,05-11-2020,0.00,AED,D,05-11-2020,0.00,AED,D,02-12-2020,1,440,CBX1205203888451
997b757201260001 OUTGOING DOMESTIC FUND TRANSFER BTXXXX0301776235,05-05-2020,05-05-2020,500000.00,NTRF,997b757201260001,D,OUTGOING DOMESTIC FUND TRANSFER,00x52xxxxxxxx001,0.00,AED,D,05-11-2020,0.00,AED,D,05-11-2020,0.00,AED,D,02-12-2020,1,440,CBX1205203888451
009ZLQM201240001 SWEEP IN From :XXX58XXXX1001 To:00x52xxxxxxxx00,05-03-2020,05-03-2020,7182.00,NTRF,009ZLQM201240001,C,SWEEP IN,00x52xxxxxxxx001,0.00,AED,D,05-11-2020,0.00,AED,D,05-11-2020,0.00,AED,D,02-12-2020,1,440,CBX1205203888451
997f192201240001 OUTGOING DOMESTIC FUND TRANSFER BTXXXX3001770680,05-03-2020,05-03-2020,7182.00,NTRF,997f192201240001,D,OUTGOING DOMESTIC FUND TRANSFER,00x52xxxxxxxx001,0.00,AED,D,05-11-2020,0.00,AED,D,05-11-2020,0.00,AED,D,02-12-2020,1,440,CBX1205203888451
009ZLQM201210001 SWEEP IN From :XXX58XXXX1001 To:00x52xxxxxxxx00,04-30-2020,04-30-2020,48140.02,NTRF,009ZLQM201210001,C,SWEEP IN,00x52xxxxxxxx001,0.00,AED,D,05-11-2020,0.00,AED,D,05-11-2020,0.00,AED,D,02-12-2020,1,440,CBX1205203888451
997g496201210001 OUTGOING DOMESTIC FUND TRANSFER BTXXXX2901769133,04-30-2020,04-30-2020,14406.12,NTRF,997g496201210001,D,OUTGOING DOMESTIC FUND TRANSFER,00x52xxxxxxxx001,0.00,AED,D,05-11-2020,0.00,AED,D,05-11-2020,0.00,AED,D,02-12-2020,1,440,CBX1205203888451
997g493201210001 OUTGOING DOMESTIC FUND TRANSFER BTXXXX2901769032,04-30-2020,04-30-2020,25095.00,NTRF,997g493201210001,D,OUTGOING DOMESTIC FUND TRANSFER,00x52xxxxxxxx001,0.00,AED,D,05-11-2020,0.00,AED,D,05-11-2020,0.00,AED,D,02-12-2020,1,440,CBX1205203888451
997g525201210001 OUTGOING DOMESTIC FUND TRANSFER BTXXXX2901769052,04-30-2020,04-30-2020,4410.00,NTRF,997g525201210001,D,OUTGOING DOMESTIC FUND TRANSFER,00x52xxxxxxxx001,0.00,AED,D,05-11-2020,0.00,AED,D,05-11-2020,0.00,AED,D,02-12-2020,1,440,CBX1205203888451
997g523201210001 OUTGOING DOMESTIC FUND TRANSFER BTXXXX2901769030,04-30-2020,04-30-2020,2415.00,NTRF,997g523201210001,D,OUTGOING DOMESTIC FUND TRANSFER,00x52xxxxxxxx001,0.00,AED,D,05-11-2020,0.00,AED,D,05-11-2020,0.00,AED,D,02-12-2020,1,440,CBX1205203888451
997g522201210001 OUTGOING DOMESTIC FUND TRANSFER BTXXXX2801758929,04-30-2020,04-30-2020,717.15,NTRF,997g522201210001,D,OUTGOING DOMESTIC FUND TRANSFER,00x52xxxxxxxx001,0.00,AED,D,05-11-2020,0.00,AED,D,05-11-2020,0.00,AED,D,02-12-2020,1,440,CBX1205203888451
997g519201210001 OUTGOING DOMESTIC FUND TRANSFER BTXXXX2901769017,04-30-2020,04-30-2020,525.00,NTRF,997g519201210001,D,OUTGOING DOMESTIC FUND TRANSFER,00x52xxxxxxxx001,0.00,AED,D,05-11-2020,0.00,AED,D,05-11-2020,0.00,AED,D,02-12-2020,1,440,CBX1205203888451
997g518201210001 OUTGOING DOMESTIC FUND TRANSFER BTXXXX2801758426,04-30-2020,04-30-2020,571.75,NTRF,997g518201210001,D,OUTGOING DOMESTIC FUND TRANSFER,00x52xxxxxxxx001,0.00,AED,D,05-11-2020,0.00,AED,D,05-11-2020,0.00,AED,D,02-12-2020,1,440,CBX1205203888451
009ZLQM201200001 SWEEP IN From :XXX58XXXX1001 To:00x52xxxxxxxx00,04-29-2020,04-29-2020,45895.50,NTRF,009ZLQM201200001,C,SWEEP IN,00x52xxxxxxxx001,0.00,AED,D,05-11-2020,0.00,AED,D,05-11-2020,0.00,AED,D,02-12-2020,1,440,CBX1205203888451
997b702201200001 OUTGOING DOMESTIC FUND TRANSFER BTXXXX2201709868,04-29-2020,04-29-2020,22680.00,NTRF,997b702201200001,D,OUTGOING DOMESTIC FUND TRANSFER,00x52xxxxxxxx001,0.00,AED,D,05-11-2020,0.00,AED,D,05-11-2020,0.00,AED,D,02-12-2020,1,440,CBX1205203888451
997b699201200001 OUTGOING DOMESTIC FUND TRANSFER BTXXXX2701756470,04-29-2020,04-29-2020,23215.50,NTRF,997b699201200001,D,OUTGOING DOMESTIC FUND TRANSFER,00x52xxxxxxxx001,0.00,AED,D,05-11-2020,0.00,AED,D,05-11-2020,0.00,AED,D,02-12-2020,1,440,CBX1205203888451
009ZLQM201180001 SWEEP IN From :XXX58XXXX1001 To:00x52xxxxxxxx00,04-27-2020,04-27-2020,100000000.00,NTRF,009ZLQM201180001,C,SWEEP IN,00x52xxxxxxxx001,0.00,AED,D,05-11-2020,0.00,AED,D,05-11-2020,0.00,AED,D,02-12-2020,1,440,CBX1205203888451
010DEBK20118008G NEW INVESTMENT DEPOSIT,04-27-2020,04-26-2020,5000000.00,NMSC,010DEBK20118008G,D,NEW INVESTMENT DEPOSIT,00x52xxxxxxxx001,0.00,AED,D,05-11-2020,0.00,AED,D,05-11-2020,0.00,AED,D,02-12-2020,1,440,CBX1205203888451
009DEBK20118000J NEW INVESTMENT DEPOSIT,04-27-2020,04-26-2020,5000000.00,NMSC,009DEBK20118000J,D,NEW INVESTMENT DEPOSIT,00x52xxxxxxxx001,0.00,AED,D,05-11-2020,0.00,AED,D,05-11-2020,0.00,AED,D,02-12-2020,1,440,CBX1205203888451
009DEBK20118000I NEW INVESTMENT DEPOSIT,04-27-2020,04-26-2020,5000000.00,NMSC,009DEBK20118000I,D,NEW INVESTMENT DEPOSIT,00x52xxxxxxxx001,0.00,AED,D,05-11-2020,0.00,AED,D,05-11-2020,0.00,AED,D,02-12-2020,1,440,CBX1205203888451
009DEBK20118000H NEW INVESTMENT DEPOSIT,04-27-2020,04-26-2020,5000000.00,NMSC,009DEBK20118000H,D,NEW INVESTMENT DEPOSIT,00x52xxxxxxxx001,0.00,AED,D,05-11-2020,0.00,AED,D,05-11-2020,0.00,AED,D,02-12-2020,1,440,CBX1205203888451
009DEBK20118000G NEW INVESTMENT DEPOSIT,04-27-2020,04-26-2020,5000000.00,NMSC,009DEBK20118000G,D,NEW INVESTMENT DEPOSIT,00x52xxxxxxxx001,0.00,AED,D,05-11-2020,0.00,AED,D,05-11-2020,0.00,AED,D,02-12-2020,1,440,CBX1205203888451
009DEBK20118000F NEW INVESTMENT DEPOSIT,04-27-2020,04-26-2020,5000000.00,NMSC,009DEBK20118000F,D,NEW INVESTMENT DEPOSIT,00x52xxxxxxxx001,0.00,AED,D,05-11-2020,0.00,AED,D,05-11-2020,0.00,AED,D,02-12-2020,1,440,CBX1205203888451
009DEBK20118000E NEW INVESTMENT DEPOSIT,04-27-2020,04-26-2020,5000000.00,NMSC,009DEBK20118000E,D,NEW INVESTMENT DEPOSIT,00x52xxxxxxxx001,0.00,AED,D,05-11-2020,0.00,AED,D,05-11-2020,0.00,AED,D,02-12-2020,1,440,CBX1205203888451
009DEBK20118000D NEW INVESTMENT DEPOSIT,04-27-2020,04-26-2020,5000000.00,NMSC,009DEBK20118000D,D,NEW INVESTMENT DEPOSIT,00x52xxxxxxxx001,0.00,AED,D,05-11-2020,0.00,AED,D,05-11-2020,0.00,AED,D,02-12-2020,1,440,CBX1205203888451
009DEBK20118000C NEW INVESTMENT DEPOSIT,04-27-2020,04-26-2020,5000000.00,NMSC,009DEBK20118000C,D,NEW INVESTMENT DEPOSIT,00x52xxxxxxxx001,0.00,AED,D,05-11-2020,0.00,AED,D,05-11-2020,0.00,AED,D,02-12-2020,1,440,CBX1205203888451
009DEBK20118000B NEW INVESTMENT DEPOSIT,04-27-2020,04-26-2020,5000000.00,NMSC,009DEBK20118000B,D,NEW INVESTMENT DEPOSIT,00x52xxxxxxxx001,0.00,AED,D,05-11-2020,0.00,AED,D,05-11-2020,0.00,AED,D,02-12-2020,1,440,CBX1205203888451
009DEBK20118000A NEW INVESTMENT DEPOSIT,04-27-2020,04-26-2020,5000000.00,NMSC,009DEBK20118000A,D,NEW INVESTMENT DEPOSIT,00x52xxxxxxxx001,0.00,AED,D,05-11-2020,0.00,AED,D,05-11-2020,0.00,AED,D,02-12-2020,1,440,CBX1205203888451
009DEBK201180009 NEW INVESTMENT DEPOSIT,04-27-2020,04-26-2020,5000000.00,NMSC,009DEBK201180009,D,NEW INVESTMENT DEPOSIT,00x52xxxxxxxx001,0.00,AED,D,05-11-2020,0.00,AED,D,05-11-2020,0.00,AED,D,02-12-2020,1,440,CBX1205203888451
009DEBK201180008 NEW INVESTMENT DEPOSIT,04-27-2020,04-26-2020,5000000.00,NMSC,009DEBK201180008,D,NEW INVESTMENT DEPOSIT,00x52xxxxxxxx001,0.00,AED,D,05-11-2020,0.00,AED,D,05-11-2020,0.00,AED,D,02-12-2020,1,440,CBX1205203888451
009DEBK201180007 NEW INVESTMENT DEPOSIT,04-27-2020,04-26-2020,5000000.00,NMSC,009DEBK201180007,D,NEW INVESTMENT DEPOSIT,00x52xxxxxxxx001,0.00,AED,D,05-11-2020,0.00,AED,D,05-11-2020,0.00,AED,D,02-12-2020,1,440,CBX1205203888451
009DEBK201180006 NEW INVESTMENT DEPOSIT,04-27-2020,04-26-2020,5000000.00,NMSC,009DEBK201180006,D,NEW INVESTMENT DEPOSIT,00x52xxxxxxxx001,0.00,AED,D,05-11-2020,0.00,AED,D,05-11-2020,0.00,AED,D,02-12-2020,1,440,CBX1205203888451
009DEBK201180005 NEW INVESTMENT DEPOSIT,04-27-2020,04-26-2020,5000000.00,NMSC,009DEBK201180005,D,NEW INVESTMENT DEPOSIT,00x52xxxxxxxx001,0.00,AED,D,05-11-2020,0.00,AED,D,05-11-2020,0.00,AED,D,02-12-2020,1,440,CBX1205203888451
009DEBK201180004 NEW INVESTMENT DEPOSIT,04-27-2020,04-26-2020,5000000.00,NMSC,009DEBK201180004,D,NEW INVESTMENT DEPOSIT,00x52xxxxxxxx001,0.00,AED,D,05-11-2020,0.00,AED,D,05-11-2020,0.00,AED,D,02-12-2020,1,440,CBX1205203888451
009DEBK201180003 NEW INVESTMENT DEPOSIT,04-27-2020,04-26-2020,5000000.00,NMSC,009DEBK201180003,D,NEW INVESTMENT DEPOSIT,00x52xxxxxxxx001,0.00,AED,D,05-11-2020,0.00,AED,D,05-11-2020,0.00,AED,D,02-12-2020,1,440,CBX1205203888451
009DEBK201180002 NEW INVESTMENT DEPOSIT,04-27-2020,04-26-2020,5000000.00,NMSC,009DEBK201180002,D,NEW INVESTMENT DEPOSIT,00x52xxxxxxxx001,0.00,AED,D,05-11-2020,0.00,AED,D,05-11-2020,0.00,AED,D,02-12-2020,1,440,CBX1205203888451
009DEBK201180001 NEW INVESTMENT DEPOSIT,04-27-2020,04-26-2020,5000000.00,NMSC,009DEBK201180001,D,NEW INVESTMENT DEPOSIT,00x52xxxxxxxx001,0.00,AED,D,05-11-2020,0.00,AED,D,05-11-2020,0.00,AED,D,02-12-2020,1,440,CBX1205203888451
997SWOT183310001 SWEEP OUT DEBIT To - XXX58XXXX1001 -,04-27-2020,04-26-2020,98111148.66,NTRF,997SWOT183310001,D,SWEEP OUT DEBIT,00x52xxxxxxxx001,0.00,AED,D,05-11-2020,0.00,AED,D,05-11-2020,0.00,AED,D,02-12-2020,1,440,CBX1205203888451
997scm1201170005 TRANSFER TTMCU001212020 009531XXXXX041 -60,04-26-2020,04-26-2020,3873888.80,NTRF,997scm1201170005,D,TRANSFER,00x52xxxxxxxx001,0.00,AED,D,05-11-2020,0.00,AED,D,05-11-2020,0.00,AED,D,02-12-2020,1,440,CBX1205203888451
997e132201170001 ACCOUNT TO ACCOUNT TRANSFER DEBIT H2HXXXX2618806,04-26-2020,04-26-2020,1888851.34,NTRF,997e132201170001,D,ACCOUNT TO ACCOUNT TRANSFER DEBIT,00x52xxxxxxxx001,0.00,AED,D,05-11-2020,0.00,AED,D,05-11-2020,0.00,AED,D,02-12-2020,1,440,CBX1205203888451
009CWPR201170001 INV. DEP./ WAKALA DEP. ENCASHED,04-26-2020,04-26-2020,5000000.00,NMSC,009CWPR201170001,C,INV. DEP./ WAKALA DEP. ENCASHED,00x52xxxxxxxx001,0.00,AED,D,05-11-2020,0.00,AED,D,05-11-2020,0.00,AED,D,02-12-2020,1,440,CBX1205203888451
009CWPRAED 00001 INVST DEPOSIT PROFIT,04-26-2020,04-26-2020,193694.44,NMSC,009CWPRAED 00001,C,INVST DEPOSIT PROFIT,00x52xxxxxxxx001,0.00,AED,D,05-11-2020,0.00,AED,D,05-11-2020,0.00,AED,D,02-12-2020,1,440,CBX1205203888451
009CWPR201170001 INV. DEP./ WAKALA DEP. ENCASHED,04-26-2020,04-26-2020,5000000.00,NMSC,009CWPR201170001,C,INV. DEP./ WAKALA DEP. ENCASHED,00x52xxxxxxxx001,0.00,AED,D,05-11-2020,0.00,AED,D,05-11-2020,0.00,AED,D,02-12-2020,1,440,CBX1205203888451
009CWPRAED 00001 INVST DEPOSIT PROFIT,04-26-2020,04-26-2020,193694.44,NMSC,009CWPRAED 00001,C,INVST DEPOSIT PROFIT,00x52xxxxxxxx001,0.00,AED,D,05-11-2020,0.00,AED,D,05-11-2020,0.00,AED,D,02-12-2020,1,440,CBX1205203888451
009CWPR201170001 INV. DEP./ WAKALA DEP. ENCASHED,04-26-2020,04-26-2020,5000000.00,NMSC,009CWPR201170001,C,INV. DEP./ WAKALA DEP. ENCASHED,00x52xxxxxxxx001,0.00,AED,D,05-11-2020,0.00,AED,D,05-11-2020,0.00,AED,D,02-12-2020,1,440,CBX1205203888451
009CWPRAED 00001 INVST DEPOSIT PROFIT,04-26-2020,04-26-2020,193694.44,NMSC,009CWPRAED 00001,C,INVST DEPOSIT PROFIT,00x52xxxxxxxx001,0.00,AED,D,05-11-2020,0.00,AED,D,05-11-2020,0.00,AED,D,02-12-2020,1,440,CBX1205203888451
009CWPR201170001 INV. DEP./ WAKALA DEP. ENCASHED,04-26-2020,04-26-2020,5000000.00,NMSC,009CWPR201170001,C,INV. DEP./ WAKALA DEP. ENCASHED,00x52xxxxxxxx001,0.00,AED,D,05-11-2020,0.00,AED,D,05-11-2020,0.00,AED,D,02-12-2020,1,440,CBX1205203888451
009CWPRAED 00001 INVST DEPOSIT PROFIT,04-26-2020,04-26-2020,193694.44,NMSC,009CWPRAED 00001,C,INVST DEPOSIT PROFIT,00x52xxxxxxxx001,0.00,AED,D,05-11-2020,0.00,AED,D,05-11-2020,0.00,AED,D,02-12-2020,1,440,CBX1205203888451
009CWPR201170001 INV. DEP./ WAKALA DEP. ENCASHED,04-26-2020,04-26-2020,5000000.00,NMSC,009CWPR201170001,C,INV. DEP./ WAKALA DEP. ENCASHED,00x52xxxxxxxx001,0.00,AED,D,05-11-2020,0.00,AED,D,05-11-2020,0.00,AED,D,02-12-2020,1,440,CBX1205203888451
009CWPRAED 00001 INVST DEPOSIT PROFIT,04-26-2020,04-26-2020,193694.44,NMSC,009CWPRAED 00001,C,INVST DEPOSIT PROFIT,00x52xxxxxxxx001,0.00,AED,D,05-11-2020,0.00,AED,D,05-11-2020,0.00,AED,D,02-12-2020,1,440,CBX1205203888451
009CWPR201170001 INV. DEP./ WAKALA DEP. ENCASHED,04-26-2020,04-26-2020,5000000.00,NMSC,009CWPR201170001,C,INV. DEP./ WAKALA DEP. ENCASHED,00x52xxxxxxxx001,0.00,AED,D,05-11-2020,0.00,AED,D,05-11-2020,0.00,AED,D,02-12-2020,1,440,CBX1205203888451
009CWPRAED 00001 INVST DEPOSIT PROFIT,04-26-2020,04-26-2020,193694.44,NMSC,009CWPRAED 00001,C,INVST DEPOSIT PROFIT,00x52xxxxxxxx001,0.00,AED,D,05-11-2020,0.00,AED,D,05-11-2020,0.00,AED,D,02-12-2020,1,440,CBX1205203888451
009CWPR201170001 INV. DEP./ WAKALA DEP. ENCASHED,04-26-2020,04-26-2020,5000000.00,NMSC,009CWPR201170001,C,INV. DEP./ WAKALA DEP. ENCASHED,00x52xxxxxxxx001,0.00,AED,D,05-11-2020,0.00,AED,D,05-11-2020,0.00,AED,D,02-12-2020,1,440,CBX1205203888451
009CWPRAED 00001 INVST DEPOSIT PROFIT,04-26-2020,04-26-2020,193694.44,NMSC,009CWPRAED 00001,C,INVST DEPOSIT PROFIT,00x52xxxxxxxx001,0.00,AED,D,05-11-2020,0.00,AED,D,05-11-2020,0.00,AED,D,02-12-2020,1,440,CBX1205203888451
009CWPR201170001 INV. DEP./ WAKALA DEP. ENCASHED,04-26-2020,04-26-2020,5000000.00,NMSC,009CWPR201170001,C,INV. DEP./ WAKALA DEP. ENCASHED,00x52xxxxxxxx001,0.00,AED,D,05-11-2020,0.00,AED,D,05-11-2020,0.00,AED,D,02-12-2020,1,440,CBX1205203888451
009CWPRAED 00001 INVST DEPOSIT PROFIT,04-26-2020,04-26-2020,193694.44,NMSC,009CWPRAED 00001,C,INVST DEPOSIT PROFIT,00x52xxxxxxxx001,0.00,AED,D,05-11-2020,0.00,AED,D,05-11-2020,0.00,AED,D,02-12-2020,1,440,CBX1205203888451
009CWPR201170001 INV. DEP./ WAKALA DEP. ENCASHED,04-26-2020,04-26-2020,5000000.00,NMSC,009CWPR201170001,C,INV. DEP./ WAKALA DEP. ENCASHED,00x52xxxxxxxx001,0.00,AED,D,05-11-2020,0.00,AED,D,05-11-2020,0.00,AED,D,02-12-2020,1,440,CBX1205203888451
009CWPRAED 00001 INVST DEPOSIT PROFIT,04-26-2020,04-26-2020,193694.44,NMSC,009CWPRAED 00001,C,INVST DEPOSIT PROFIT,00x52xxxxxxxx001,0.00,AED,D,05-11-2020,0.00,AED,D,05-11-2020,0.00,AED,D,02-12-2020,1,440,CBX1205203888451
009CWPR201170001 INV. DEP./ WAKALA DEP. ENCASHED,04-26-2020,04-26-2020,5000000.00,NMSC,009CWPR201170001,C,INV. DEP./ WAKALA DEP. ENCASHED,00x52xxxxxxxx001,0.00,AED,D,05-11-2020,0.00,AED,D,05-11-2020,0.00,AED,D,02-12-2020,1,440,CBX1205203888451
009CWPRAED 00001 INVST DEPOSIT PROFIT,04-26-2020,04-26-2020,193694.44,NMSC,009CWPRAED 00001,C,INVST DEPOSIT PROFIT,00x52xxxxxxxx001,0.00,AED,D,05-11-2020,0.00,AED,D,05-11-2020,0.00,AED,D,02-12-2020,1,440,CBX1205203888451
009CWPR201170001 INV. DEP./ WAKALA DEP. ENCASHED,04-26-2020,04-26-2020,5000000.00,NMSC,009CWPR201170001,C,INV. DEP./ WAKALA DEP. ENCASHED,00x52xxxxxxxx001,0.00,AED,D,05-11-2020,0.00,AED,D,05-11-2020,0.00,AED,D,02-12-2020,1,440,CBX1205203888451
009CWPRAED 00001 INVST DEPOSIT PROFIT,04-26-2020,04-26-2020,193694.44,NMSC,009CWPRAED 00001,C,INVST DEPOSIT PROFIT,00x52xxxxxxxx001,0.00,AED,D,05-11-2020,0.00,AED,D,05-11-2020,0.00,AED,D,02-12-2020,1,440,CBX1205203888451
009CWPR201170001 INV. DEP./ WAKALA DEP. ENCASHED,04-26-2020,04-26-2020,5000000.00,NMSC,009CWPR201170001,C,INV. DEP./ WAKALA DEP. ENCASHED,00x52xxxxxxxx001,0.00,AED,D,05-11-2020,0.00,AED,D,05-11-2020,0.00,AED,D,02-12-2020,1,440,CBX1205203888451
009CWPRAED 00001 INVST DEPOSIT PROFIT,04-26-2020,04-26-2020,193694.44,NMSC,009CWPRAED 00001,C,INVST DEPOSIT PROFIT,00x52xxxxxxxx001,0.00,AED,D,05-11-2020,0.00,AED,D,05-11-2020,0.00,AED,D,02-12-2020,1,440,CBX1205203888451
009CWPR201170001 INV. DEP./ WAKALA DEP. ENCASHED,04-26-2020,04-26-2020,5000000.00,NMSC,009CWPR201170001,C,INV. DEP./ WAKALA DEP. ENCASHED,00x52xxxxxxxx001,0.00,AED,D,05-11-2020,0.00,AED,D,05-11-2020,0.00,AED,D,02-12-2020,1,440,CBX1205203888451
009CWPRAED 00001 INVST DEPOSIT PROFIT,04-26-2020,04-26-2020,193694.44,NMSC,009CWPRAED 00001,C,INVST DEPOSIT PROFIT,00x52xxxxxxxx001,0.00,AED,D,05-11-2020,0.00,AED,D,05-11-2020,0.00,AED,D,02-12-2020,1,440,CBX1205203888451
009CWPR201170001 INV. DEP./ WAKALA DEP. ENCASHED,04-26-2020,04-26-2020,5000000.00,NMSC,009CWPR201170001,C,INV. DEP./ WAKALA DEP. ENCASHED,00x52xxxxxxxx001,0.00,AED,D,05-11-2020,0.00,AED,D,05-11-2020,0.00,AED,D,02-12-2020,1,440,CBX1205203888451
009CWPRAED 00001 INVST DEPOSIT PROFIT,04-26-2020,04-26-2020,193694.44,NMSC,009CWPRAED 00001,C,INVST DEPOSIT PROFIT,00x52xxxxxxxx001,0.00,AED,D,05-11-2020,0.00,AED,D,05-11-2020,0.00,AED,D,02-12-2020,1,440,CBX1205203888451
009CWPR201170001 INV. DEP./ WAKALA DEP. ENCASHED,04-26-2020,04-26-2020,5000000.00,NMSC,009CWPR201170001,C,INV. DEP./ WAKALA DEP. ENCASHED,00x52xxxxxxxx001,0.00,AED,D,05-11-2020,0.00,AED,D,05-11-2020,0.00,AED,D,02-12-2020,1,440,CBX1205203888451
009CWPRAED 00001 INVST DEPOSIT PROFIT,04-26-2020,04-26-2020,193694.44,NMSC,009CWPRAED 00001,C,INVST DEPOSIT PROFIT,00x52xxxxxxxx001,0.00,AED,D,05-11-2020,0.00,AED,D,05-11-2020,0.00,AED,D,02-12-2020,1,440,CBX1205203888451
009CWPR201170001 INV. DEP./ WAKALA DEP. ENCASHED,04-26-2020,04-26-2020,5000000.00,NMSC,009CWPR201170001,C,INV. DEP./ WAKALA DEP. ENCASHED,00x52xxxxxxxx001,0.00,AED,D,05-11-2020,0.00,AED,D,05-11-2020,0.00,AED,D,02-12-2020,1,440,CBX1205203888451
009CWPRAED 00001 INVST DEPOSIT PROFIT,04-26-2020,04-26-2020,193694.44,NMSC,009CWPRAED 00001,C,INVST DEPOSIT PROFIT,00x52xxxxxxxx001,0.00,AED,D,05-11-2020,0.00,AED,D,05-11-2020,0.00,AED,D,02-12-2020,1,440,CBX1205203888451
009CWPR201170001 INV. DEP./ WAKALA DEP. ENCASHED,04-26-2020,04-26-2020,5000000.00,NMSC,009CWPR201170001,C,INV. DEP./ WAKALA DEP. ENCASHED,00x52xxxxxxxx001,0.00,AED,D,05-11-2020,0.00,AED,D,05-11-2020,0.00,AED,D,02-12-2020,1,440,CBX1205203888451
009CWPRAED 00001 INVST DEPOSIT PROFIT,04-26-2020,04-26-2020,193694.44,NMSC,009CWPRAED 00001,C,INVST DEPOSIT PROFIT,00x52xxxxxxxx001,0.00,AED,D,05-11-2020,0.00,AED,D,05-11-2020,0.00,AED,D,02-12-2020,1,440,CBX1205203888451
009CWPR201170001 INV. DEP./ WAKALA DEP. ENCASHED,04-26-2020,04-26-2020,5000000.00,NMSC,009CWPR201170001,C,INV. DEP./ WAKALA DEP. ENCASHED,00x52xxxxxxxx001,0.00,AED,D,05-11-2020,0.00,AED,D,05-11-2020,0.00,AED,D,02-12-2020,1,440,CBX1205203888451
009CWPRAED 00001 INVST DEPOSIT PROFIT,04-26-2020,04-26-2020,193694.44,NMSC,009CWPRAED 00001,C,INVST DEPOSIT PROFIT,00x52xxxxxxxx001,0.00,AED,D,05-11-2020,0.00,AED,D,05-11-2020,0.00,AED,D,02-12-2020,1,440,CBX1205203888451
009CWPR201170001 INV. DEP./ WAKALA DEP. ENCASHED,04-26-2020,04-26-2020,5000000.00,NMSC,009CWPR201170001,C,INV. DEP./ WAKALA DEP. ENCASHED,00x52xxxxxxxx001,0.00,AED,D,05-11-2020,0.00,AED,D,05-11-2020,0.00,AED,D,02-12-2020,1,440,CBX1205203888451
009CWPRAED 00001 INVST DEPOSIT PROFIT,04-26-2020,04-26-2020,193694.44,NMSC,009CWPRAED 00001,C,INVST DEPOSIT PROFIT,00x52xxxxxxxx001,0.00,AED,D,05-11-2020,0.00,AED,D,05-11-2020,0.00,AED,D,02-12-2020,1,440,CBX1205203888451
009CWPR201170001 INV. DEP./ WAKALA DEP. ENCASHED,04-26-2020,04-26-2020,5000000.00,NMSC,009CWPR201170001,C,INV. DEP./ WAKALA DEP. ENCASHED,00x52xxxxxxxx001,0.00,AED,D,05-11-2020,0.00,AED,D,05-11-2020,0.00,AED,D,02-12-2020,1,440,CBX1205203888451
009CWPRAED 00001 INVST DEPOSIT PROFIT,04-26-2020,04-26-2020,193694.44,NMSC,009CWPRAED 00001,C,INVST DEPOSIT PROFIT,00x52xxxxxxxx001,0.00,AED,D,05-11-2020,0.00,AED,D,05-11-2020,0.00,AED,D,02-12-2020,1,440,CBX1205203888451
009ZLQM201130001 SWEEP IN From :XXX58XXXX1001 To:00x52xxxxxxxx00,04-22-2020,04-22-2020,212800.00,NTRF,009ZLQM201130001,C,SWEEP IN,00x52xxxxxxxx001,0.00,AED,D,05-11-2020,0.00,AED,D,05-11-2020,0.00,AED,D,02-12-2020,1,440,CBX1205203888451
997a400201130001 OUTGOING DOMESTIC FUND TRANSFER BTXXXX0101630990,04-22-2020,04-22-2020,100000.00,NTRF,997a400201130001,D,OUTGOING DOMESTIC FUND TRANSFER,00x52xxxxxxxx001,0.00,AED,D,05-11-2020,0.00,AED,D,05-11-2020,0.00,AED,D,02-12-2020,1,440,CBX1205203888451
997a398201130001 OUTGOING DOMESTIC FUND TRANSFER BTXXXX0101630997,04-22-2020,04-22-2020,12800.00,NTRF,997a398201130001,D,OUTGOING DOMESTIC FUND TRANSFER,00x52xxxxxxxx001,0.00,AED,D,05-11-2020,0.00,AED,D,05-11-2020,0.00,AED,D,02-12-2020,1,440,CBX1205203888451
997a399201130001 OUTGOING DOMESTIC FUND TRANSFER BTXXXX0101630995,04-22-2020,04-22-2020,100000.00,NTRF,997a399201130001,D,OUTGOING DOMESTIC FUND TRANSFER,00x52xxxxxxxx001,0.00,AED,D,05-11-2020,0.00,AED,D,05-11-2020,0.00,AED,D,02-12-2020,1,440,CBX1205203888451
009ZLQM201120001 SWEEP IN From :XXX58XXXX1001 To:00x52xxxxxxxx00,04-21-2020,04-21-2020,2000000.00,NTRF,009ZLQM201120001,C,SWEEP IN,00x52xxxxxxxx001,0.00,AED,D,05-11-2020,0.00,AED,D,05-11-2020,0.00,AED,D,02-12-2020,1,440,CBX1205203888451
997i196201120001 OUTGOING DOMESTIC FUND TRANSFER BTXXXX1901698571,04-21-2020,04-21-2020,2000000.00,NTRF,997i196201120001,D,OUTGOING DOMESTIC FUND TRANSFER,00x52xxxxxxxx001,0.00,AED,D,05-11-2020,0.00,AED,D,05-11-2020,0.00,AED,D,02-12-2020,1,440,CBX1205203888451
009ZLQM201110001 SWEEP IN From :XXX58XXXX1001 To:00x52xxxxxxxx00,04-20-2020,04-20-2020,135758.01,NTRF,009ZLQM201110001,C,SWEEP IN,00x52xxxxxxxx001,0.00,AED,D,05-11-2020,0.00,AED,D,05-11-2020,0.00,AED,D,02-12-2020,1,440,CBX1205203888451
997e642201110001 OUTGOING DOMESTIC FUND TRANSFER BTXXXX2001700184,04-20-2020,04-20-2020,1358.01,NTRF,997e642201110001,D,OUTGOING DOMESTIC FUND TRANSFER,00x52xxxxxxxx001,0.00,AED,D,05-11-2020,0.00,AED,D,05-11-2020,0.00,AED,D,02-12-2020,1,440,CBX1205203888451
997e193201110001 OUTGOING DOMESTIC FUND TRANSFER BTXXXX1901696021,04-20-2020,04-20-2020,72450.00,NTRF,997e193201110001,D,OUTGOING DOMESTIC FUND TRANSFER,00x52xxxxxxxx001,0.00,AED,D,05-11-2020,0.00,AED,D,05-11-2020,0.00,AED,D,02-12-2020,1,440,CBX1205203888451
997e192201110001 OUTGOING DOMESTIC FUND TRANSFER BTXXXX1901695537,04-20-2020,04-20-2020,61950.00,NTRF,997e192201110001,D,OUTGOING DOMESTIC FUND TRANSFER,00x52xxxxxxxx001,0.00,AED,D,05-11-2020,0.00,AED,D,05-11-2020,0.00,AED,D,02-12-2020,1,440,CBX1205203888451
009ZLQM201100001 SWEEP IN From :XXX58XXXX1001 To:00x52xxxxxxxx00,04-19-2020,04-19-2020,28848.75,NTRF,009ZLQM201100001,C,SWEEP IN,00x52xxxxxxxx001,0.00,AED,D,05-11-2020,0.00,AED,D,05-11-2020,0.00,AED,D,02-12-2020,1,440,CBX1205203888451
997e100201100001 OUTGOING DOMESTIC FUND TRANSFER BTXXXX1601689987,04-19-2020,04-19-2020,13098.75,NTRF,997e100201100001,D,OUTGOING DOMESTIC FUND TRANSFER,00x52xxxxxxxx001,0.00,AED,D,05-11-2020,0.00,AED,D,05-11-2020,0.00,AED,D,02-12-2020,1,440,CBX1205203888451
997e101201100001 OUTGOING DOMESTIC FUND TRANSFER BTXXXX1501686477,04-19-2020,04-19-2020,15750.00,NTRF,997e101201100001,D,OUTGOING DOMESTIC FUND TRANSFER,00x52xxxxxxxx001,0.00,AED,D,05-11-2020,0.00,AED,D,05-11-2020,0.00,AED,D,02-12-2020,1,440,CBX1205203888451
009ZLQM201070001 SWEEP IN From :XXX58XXXX1001 To:00x52xxxxxxxx00,04-16-2020,04-16-2020,226440.25,NTRF,009ZLQM201070001,C,SWEEP IN,00x52xxxxxxxx001,0.00,AED,D,05-11-2020,0.00,AED,D,05-11-2020,0.00,AED,D,02-12-2020,1,440,CBX1205203888451
997e929201070001 OUTGOING DOMESTIC FUND TRANSFER BTXXXX1501688799,04-16-2020,04-16-2020,1785.00,NTRF,997e929201070001,D,OUTGOING DOMESTIC FUND TRANSFER,00x52xxxxxxxx001,0.00,AED,D,05-11-2020,0.00,AED,D,05-11-2020,0.00,AED,D,02-12-2020,1,440,CBX1205203888451
997e927201070001 OUTGOING DOMESTIC FUND TRANSFER BTXXXX1301682791,04-16-2020,04-16-2020,1750.02,NTRF,997e927201070001,D,OUTGOING DOMESTIC FUND TRANSFER,00x52xxxxxxxx001,0.00,AED,D,05-11-2020,0.00,AED,D,05-11-2020,0.00,AED,D,02-12-2020,1,440,CBX1205203888451
997e955201070001 OUTGOING DOMESTIC FUND TRANSFER BTXXXX1501686490,04-16-2020,04-16-2020,6930.00,NTRF,997e955201070001,D,OUTGOING DOMESTIC FUND TRANSFER,00x52xxxxxxxx001,0.00,AED,D,05-11-2020,0.00,AED,D,05-11-2020,0.00,AED,D,02-12-2020,1,440,CBX1205203888451
997e926201070001 OUTGOING DOMESTIC FUND TRANSFER BTXXXX1401683407,04-16-2020,04-16-2020,64260.00,NTRF,997e926201070001,D,OUTGOING DOMESTIC FUND TRANSFER,00x52xxxxxxxx001,0.00,AED,D,05-11-2020,0.00,AED,D,05-11-2020,0.00,AED,D,02-12-2020,1,440,CBX1205203888451
997e954201070001 OUTGOING DOMESTIC FUND TRANSFER BTXXXX1501686485,04-16-2020,04-16-2020,6930.00,NTRF,997e954201070001,D,OUTGOING DOMESTIC FUND TRANSFER,00x52xxxxxxxx001,0.00,AED,D,05-11-2020,0.00,AED,D,05-11-2020,0.00,AED,D,02-12-2020,1,440,CBX1205203888451
997e953201070001 OUTGOING DOMESTIC FUND TRANSFER BTXXXX1501686479,04-16-2020,04-16-2020,15750.00,NTRF,997e953201070001,D,OUTGOING DOMESTIC FUND TRANSFER,00x52xxxxxxxx001,0.00,AED,D,05-11-2020,0.00,AED,D,05-11-2020,0.00,AED,D,02-12-2020,1,440,CBX1205203888451
997e952201070001 OUTGOING DOMESTIC FUND TRANSFER BTXXXX1501686489,04-16-2020,04-16-2020,2625.00,NTRF,997e952201070001,D,OUTGOING DOMESTIC FUND TRANSFER,00x52xxxxxxxx001,0.00,AED,D,05-11-2020,0.00,AED,D,05-11-2020,0.00,AED,D,02-12-2020,1,440,CBX1205203888451
997e951201070001 OUTGOING DOMESTIC FUND TRANSFER BTXXXX1501687706,04-16-2020,04-16-2020,17325.00,NTRF,997e951201070001,D,OUTGOING DOMESTIC FUND TRANSFER,00x52xxxxxxxx001,0.00,AED,D,05-11-2020,0.00,AED,D,05-11-2020,0.00,AED,D,02-12-2020,1,440,CBX1205203888451
997e924201070001 OUTGOING DOMESTIC FUND TRANSFER BTXXXX1301682790,04-16-2020,04-16-2020,25095.00,NTRF,997e924201070001,D,OUTGOING DOMESTIC FUND TRANSFER,00x52xxxxxxxx001,0.00,AED,D,05-11-2020,0.00,AED,D,05-11-2020,0.00,AED,D,02-12-2020,1,440,CBX1205203888451
997e925201070001 OUTGOING DOMESTIC FUND TRANSFER BTXXXX1501686488,04-16-2020,04-16-2020,2625.00,NTRF,997e925201070001,D,OUTGOING DOMESTIC FUND TRANSFER,00x52xxxxxxxx001,0.00,AED,D,05-11-2020,0.00,AED,D,05-11-2020,0.00,AED,D,02-12-2020,1,440,CBX1205203888451
997e949201070001 ACCOUNT TO ACCOUNT TRANSFER DEBIT BTXXXX13016826,04-16-2020,04-16-2020,76489.35,NTRF,997e949201070001,D,ACCOUNT TO ACCOUNT TRANSFER DEBIT,00x52xxxxxxxx001,0.00,AED,D,05-11-2020,0.00,AED,D,05-11-2020,0.00,AED,D,02-12-2020,1,440,CBX1205203888451
997e948201070001 OUTGOING DOMESTIC FUND TRANSFER BTXXXX1301682746,04-16-2020,04-16-2020,3246.60,NTRF,997e948201070001,D,OUTGOING DOMESTIC FUND TRANSFER,00x52xxxxxxxx001,0.00,AED,D,05-11-2020,0.00,AED,D,05-11-2020,0.00,AED,D,02-12-2020,1,440,CBX1205203888451
997e947201070001 OUTGOING DOMESTIC FUND TRANSFER BTXXXX1301682735,04-16-2020,04-16-2020,1629.28,NTRF,997e947201070001,D,OUTGOING DOMESTIC FUND TRANSFER,00x52xxxxxxxx001,0.00,AED,D,05-11-2020,0.00,AED,D,05-11-2020,0.00,AED,D,02-12-2020,1,440,CBX1205203888451
009ZLQM200990001 SWEEP IN From :XXX58XXXX1001 To:00x52xxxxxxxx00,04-08-2020,04-08-2020,123145.16,NTRF,009ZLQM200990001,C,SWEEP IN,00x52xxxxxxxx001,0.00,AED,D,05-11-2020,0.00,AED,D,05-11-2020,0.00,AED,D,02-12-2020,1,440,CBX1205203888451
997l329200990001 OUTGOING DOMESTIC FUND TRANSFER BTXXXX0601642991,04-08-2020,04-08-2020,65100.00,NTRF,997l329200990001,D,OUTGOING DOMESTIC FUND TRANSFER,00x52xxxxxxxx001,0.00,AED,D,05-11-2020,0.00,AED,D,05-11-2020,0.00,AED,D,02-12-2020,1,440,CBX1205203888451
997l328200990001 OUTGOING DOMESTIC FUND TRANSFER BTXXXX0701643849,04-08-2020,04-08-2020,36509.66,NTRF,997l328200990001,D,OUTGOING DOMESTIC FUND TRANSFER,00x52xxxxxxxx001,0.00,AED,D,05-11-2020,0.00,AED,D,05-11-2020,0.00,AED,D,02-12-2020,1,440,CBX1205203888451
997l327200990001 OUTGOING DOMESTIC FUND TRANSFER BTXXXX0601642010,04-08-2020,04-08-2020,745.50,NTRF,997l327200990001,D,OUTGOING DOMESTIC FUND TRANSFER,00x52xxxxxxxx001,0.00,AED,D,05-11-2020,0.00,AED,D,05-11-2020,0.00,AED,D,02-12-2020,1,440,CBX1205203888451
997l325200990001 OUTGOING DOMESTIC FUND TRANSFER BTXXXX0601642990,04-08-2020,04-08-2020,7140.00,NTRF,997l325200990001,D,OUTGOING DOMESTIC FUND TRANSFER,00x52xxxxxxxx001,0.00,AED,D,05-11-2020,0.00,AED,D,05-11-2020,0.00,AED,D,02-12-2020,1,440,CBX1205203888451
997l326200990001 ACCOUNT TO ACCOUNT TRANSFER DEBIT BTXXXX06016429,04-08-2020,04-08-2020,13650.00,NTRF,997l326200990001,D,ACCOUNT TO ACCOUNT TRANSFER DEBIT,00x52xxxxxxxx001,0.00,AED,D,05-11-2020,0.00,AED,D,05-11-2020,0.00,AED,D,02-12-2020,1,440,CBX1205203888451
009ZLQM200980001 SWEEP IN From :XXX58XXXX1001 To:00x52xxxxxxxx00,04-07-2020,04-07-2020,2200656.53,NTRF,009ZLQM200980001,C,SWEEP IN,00x52xxxxxxxx001,0.00,AED,D,05-11-2020,0.00,AED,D,05-11-2020,0.00,AED,D,02-12-2020,1,440,CBX1205203888451
997d131200980001 Pension H2HXXXX051758508,04-07-2020,04-07-2020,200656.53,NMSC,997d131200980001,D,Pension,00x52xxxxxxxx001,0.00,AED,D,05-11-2020,0.00,AED,D,05-11-2020,0.00,AED,D,02-12-2020,1,440,CBX1205203888451
997d108200980001 OUTGOING DOMESTIC FUND TRANSFER BTXXXX0601642059,04-07-2020,04-07-2020,2000000.00,NTRF,997d108200980001,D,OUTGOING DOMESTIC FUND TRANSFER,00x52xxxxxxxx001,0.00,AED,D,05-11-2020,0.00,AED,D,05-11-2020,0.00,AED,D,02-12-2020,1,440,CBX1205203888451
009ZLQM200970002 SWEEP IN From :XXX58XXXX1001 To:00x52xxxxxxxx00,04-06-2020,04-06-2020,165520.84,NTRF,009ZLQM200970002,C,SWEEP IN,00x52xxxxxxxx001,0.00,AED,D,05-11-2020,0.00,AED,D,05-11-2020,0.00,AED,D,02-12-2020,1,440,CBX1205203888451
997h467200970001 ACCOUNT TO ACCOUNT TRANSFER DEBIT H2HXXXX0517602,04-06-2020,04-06-2020,6186.34,NTRF,997h467200970001,D,ACCOUNT TO ACCOUNT TRANSFER DEBIT,00x52xxxxxxxx001,0.00,AED,D,05-11-2020,0.00,AED,D,05-11-2020,0.00,AED,D,02-12-2020,1,440,CBX1205203888451
997h430200970001 ACCOUNT TO ACCOUNT TRANSFER DEBIT H2HXXXX0517585,04-06-2020,04-06-2020,13962.00,NTRF,997h430200970001,D,ACCOUNT TO ACCOUNT TRANSFER DEBIT,00x52xxxxxxxx001,0.00,AED,D,05-11-2020,0.00,AED,D,05-11-2020,0.00,AED,D,02-12-2020,1,440,CBX1205203888451
997h463200970001 OUTGOING DOMESTIC FUND TRANSFER BTXXXX0201635365,04-06-2020,04-06-2020,25987.50,NTRF,997h463200970001,D,OUTGOING DOMESTIC FUND TRANSFER,00x52xxxxxxxx001,0.00,AED,D,05-11-2020,0.00,AED,D,05-11-2020,0.00,AED,D,02-12-2020,1,440,CBX1205203888451
997c921200970001 OUTGOING DOMESTIC FUND TRANSFER BTXXXX0101630229,04-06-2020,04-06-2020,119385.00,NTRF,997c921200970001,D,OUTGOING DOMESTIC FUND TRANSFER,00x52xxxxxxxx001,0.00,AED,D,05-11-2020,0.00,AED,D,05-11-2020,0.00,AED,D,02-12-2020,1,440,CBX1205203888451
009ZLQM200960001 SWEEP IN From :XXX58XXXX1001 To:00x52xxxxxxxx00,04-05-2020,04-05-2020,2393000.00,NTRF,009ZLQM200960001,C,SWEEP IN,00x52xxxxxxxx001,0.00,AED,D,05-11-2020,0.00,AED,D,05-11-2020,0.00,AED,D,02-12-2020,1,440,CBX1205203888451
997a614200960001 ACCOUNT TO ACCOUNT TRANSFER DEBIT BTXXXX01016309,04-05-2020,04-05-2020,118000.00,NTRF,997a614200960001,D,ACCOUNT TO ACCOUNT TRANSFER DEBIT,00x52xxxxxxxx001,0.00,AED,D,05-11-2020,0.00,AED,D,05-11-2020,0.00,AED,D,02-12-2020,1,440,CBX1205203888451
997a612200960001 OUTGOING DOMESTIC FUND TRANSFER BTXXXX0101630643,04-05-2020,04-05-2020,1500000.00,NTRF,997a612200960001,D,OUTGOING DOMESTIC FUND TRANSFER,00x52xxxxxxxx001,0.00,AED,D,05-11-2020,0.00,AED,D,05-11-2020,0.00,AED,D,02-12-2020,1,440,CBX1205203888451
997a609200960001 OUTGOING DOMESTIC FUND TRANSFER BTXXXX0101630975,04-05-2020,04-05-2020,500000.00,NTRF,997a609200960001,D,OUTGOING DOMESTIC FUND TRANSFER,00x52xxxxxxxx001,0.00,AED,D,05-11-2020,0.00,AED,D,05-11-2020,0.00,AED,D,02-12-2020,1,440,CBX1205203888451
997a607200960001 OUTGOING DOMESTIC FUND TRANSFER BTXXXX0101630981,04-05-2020,04-05-2020,275000.00,NTRF,997a607200960001,D,OUTGOING DOMESTIC FUND TRANSFER,00x52xxxxxxxx001,0.00,AED,D,05-11-2020,0.00,AED,D,05-11-2020,0.00,AED,D,02-12-2020,1,440,CBX1205203888451
009ZLQM200930001 SWEEP IN From :XXX58XXXX1001 To:00x52xxxxxxxx00,04-02-2020,04-02-2020,3894413.40,NTRF,009ZLQM200930001,C,SWEEP IN,00x52xxxxxxxx001,0.00,AED,D,05-11-2020,0.00,AED,D,05-11-2020,0.00,AED,D,02-12-2020,1,440,CBX1205203888451
997ssm1200930001 TRANSFER TTMCU000982020 Profit of 998531XXXXX02,04-02-2020,04-02-2020,3863333.40,NTRF,997ssm1200930001,D,TRANSFER,00x52xxxxxxxx001,0.00,AED,D,05-11-2020,0.00,AED,D,05-11-2020,0.00,AED,D,02-12-2020,1,440,CBX1205203888451
997c855200930001 OUTGOING DOMESTIC FUND TRANSFER BTXXXX0101630234,04-02-2020,04-02-2020,1785.00,NTRF,997c855200930001,D,OUTGOING DOMESTIC FUND TRANSFER,00x52xxxxxxxx001,0.00,AED,D,05-11-2020,0.00,AED,D,05-11-2020,0.00,AED,D,02-12-2020,1,440,CBX1205203888451
997c853200930001 OUTGOING DOMESTIC FUND TRANSFER BTXXXX0101630230,04-02-2020,04-02-2020,29295.00,NTRF,997c853200930001,D,OUTGOING DOMESTIC FUND TRANSFER,00x52xxxxxxxx001,0.00,AED,D,05-11-2020,0.00,AED,D,05-11-2020,0.00,AED,D,02-12-2020,1,440,CBX1205203888451
997SWOT183310001 SWEEP OUT DEBIT To - XXX58XXXX1001 -,04-02-2020,04-01-2020,3863333.40,NTRF,997SWOT183310001,D,SWEEP OUT DEBIT,00x52xxxxxxxx001,0.00,AED,D,05-11-2020,0.00,AED,D,05-11-2020,0.00,AED,D,02-12-2020,1,440,CBX1205203888451
009DEBK200920064 NEW INVESTMENT DEPOSIT,04-01-2020,04-01-2020,5000000.00,NMSC,009DEBK200920064,D,NEW INVESTMENT DEPOSIT,00x52xxxxxxxx001,0.00,AED,D,05-11-2020,0.00,AED,D,05-11-2020,0.00,AED,D,02-12-2020,1,440,CBX1205203888451
009DEBK200920063 NEW INVESTMENT DEPOSIT,04-01-2020,04-01-2020,5000000.00,NMSC,009DEBK200920063,D,NEW INVESTMENT DEPOSIT,00x52xxxxxxxx001,0.00,AED,D,05-11-2020,0.00,AED,D,05-11-2020,0.00,AED,D,02-12-2020,1,440,CBX1205203888451
009DEBK200920062 NEW INVESTMENT DEPOSIT,04-01-2020,04-01-2020,5000000.00,NMSC,009DEBK200920062,D,NEW INVESTMENT DEPOSIT,00x52xxxxxxxx001,0.00,AED,D,05-11-2020,0.00,AED,D,05-11-2020,0.00,AED,D,02-12-2020,1,440,CBX1205203888451
009DEBK200920061 NEW INVESTMENT DEPOSIT,04-01-2020,04-01-2020,5000000.00,NMSC,009DEBK200920061,D,NEW INVESTMENT DEPOSIT,00x52xxxxxxxx001,0.00,AED,D,05-11-2020,0.00,AED,D,05-11-2020,0.00,AED,D,02-12-2020,1,440,CBX1205203888451
009DEBK200920060 NEW INVESTMENT DEPOSIT,04-01-2020,04-01-2020,5000000.00,NMSC,009DEBK200920060,D,NEW INVESTMENT DEPOSIT,00x52xxxxxxxx001,0.00,AED,D,05-11-2020,0.00,AED,D,05-11-2020,0.00,AED,D,02-12-2020,1,440,CBX1205203888451
009DEBK20092005Z NEW INVESTMENT DEPOSIT,04-01-2020,04-01-2020,5000000.00,NMSC,009DEBK20092005Z,D,NEW INVESTMENT DEPOSIT,00x52xxxxxxxx001,0.00,AED,D,05-11-2020,0.00,AED,D,05-11-2020,0.00,AED,D,02-12-2020,1,440,CBX1205203888451
009DEBK20092005Y NEW INVESTMENT DEPOSIT,04-01-2020,04-01-2020,5000000.00,NMSC,009DEBK20092005Y,D,NEW INVESTMENT DEPOSIT,00x52xxxxxxxx001,0.00,AED,D,05-11-2020,0.00,AED,D,05-11-2020,0.00,AED,D,02-12-2020,1,440,CBX1205203888451
009DEBK20092005X NEW INVESTMENT DEPOSIT,04-01-2020,04-01-2020,5000000.00,NMSC,009DEBK20092005X,D,NEW INVESTMENT DEPOSIT,00x52xxxxxxxx001,0.00,AED,D,05-11-2020,0.00,AED,D,05-11-2020,0.00,AED,D,02-12-2020,1,440,CBX1205203888451
009DEBK20092005W NEW INVESTMENT DEPOSIT,04-01-2020,04-01-2020,5000000.00,NMSC,009DEBK20092005W,D,NEW INVESTMENT DEPOSIT,00x52xxxxxxxx001,0.00,AED,D,05-11-2020,0.00,AED,D,05-11-2020,0.00,AED,D,02-12-2020,1,440,CBX1205203888451
009DEBK20092005V NEW INVESTMENT DEPOSIT,04-01-2020,04-01-2020,5000000.00,NMSC,009DEBK20092005V,D,NEW INVESTMENT DEPOSIT,00x52xxxxxxxx001,0.00,AED,D,05-11-2020,0.00,AED,D,05-11-2020,0.00,AED,D,02-12-2020,1,440,CBX1205203888451
009DEBK20092005U NEW INVESTMENT DEPOSIT,04-01-2020,04-01-2020,5000000.00,NMSC,009DEBK20092005U,D,NEW INVESTMENT DEPOSIT,00x52xxxxxxxx001,0.00,AED,D,05-11-2020,0.00,AED,D,05-11-2020,0.00,AED,D,02-12-2020,1,440,CBX1205203888451
009DEBK20092005T NEW INVESTMENT DEPOSIT,04-01-2020,04-01-2020,5000000.00,NMSC,009DEBK20092005T,D,NEW INVESTMENT DEPOSIT,00x52xxxxxxxx001,0.00,AED,D,05-11-2020,0.00,AED,D,05-11-2020,0.00,AED,D,02-12-2020,1,440,CBX1205203888451
009DEBK20092005S NEW INVESTMENT DEPOSIT,04-01-2020,04-01-2020,5000000.00,NMSC,009DEBK20092005S,D,NEW INVESTMENT DEPOSIT,00x52xxxxxxxx001,0.00,AED,D,05-11-2020,0.00,AED,D,05-11-2020,0.00,AED,D,02-12-2020,1,440,CBX1205203888451
009DEBK20092005R NEW INVESTMENT DEPOSIT,04-01-2020,04-01-2020,5000000.00,NMSC,009DEBK20092005R,D,NEW INVESTMENT DEPOSIT,00x52xxxxxxxx001,0.00,AED,D,05-11-2020,0.00,AED,D,05-11-2020,0.00,AED,D,02-12-2020,1,440,CBX1205203888451
009DEBK20092005Q NEW INVESTMENT DEPOSIT,04-01-2020,04-01-2020,5000000.00,NMSC,009DEBK20092005Q,D,NEW INVESTMENT DEPOSIT,00x52xxxxxxxx001,0.00,AED,D,05-11-2020,0.00,AED,D,05-11-2020,0.00,AED,D,02-12-2020,1,440,CBX1205203888451
009DEBK20092005P NEW INVESTMENT DEPOSIT,04-01-2020,04-01-2020,5000000.00,NMSC,009DEBK20092005P,D,NEW INVESTMENT DEPOSIT,00x52xxxxxxxx001,0.00,AED,D,05-11-2020,0.00,AED,D,05-11-2020,0.00,AED,D,02-12-2020,1,440,CBX1205203888451
009DEBK20092005O NEW INVESTMENT DEPOSIT,04-01-2020,04-01-2020,5000000.00,NMSC,009DEBK20092005O,D,NEW INVESTMENT DEPOSIT,00x52xxxxxxxx001,0.00,AED,D,05-11-2020,0.00,AED,D,05-11-2020,0.00,AED,D,02-12-2020,1,440,CBX1205203888451
009DEBK20092005N NEW INVESTMENT DEPOSIT,04-01-2020,04-01-2020,5000000.00,NMSC,009DEBK20092005N,D,NEW INVESTMENT DEPOSIT,00x52xxxxxxxx001,0.00,AED,D,05-11-2020,0.00,AED,D,05-11-2020,0.00,AED,D,02-12-2020,1,440,CBX1205203888451
009DEBK20092005M NEW INVESTMENT DEPOSIT,04-01-2020,04-01-2020,5000000.00,NMSC,009DEBK20092005M,D,NEW INVESTMENT DEPOSIT,00x52xxxxxxxx001,0.00,AED,D,05-11-2020,0.00,AED,D,05-11-2020,0.00,AED,D,02-12-2020,1,440,CBX1205203888451
009DEBK20092005L NEW INVESTMENT DEPOSIT,04-01-2020,04-01-2020,5000000.00,NMSC,009DEBK20092005L,D,NEW INVESTMENT DEPOSIT,00x52xxxxxxxx001,0.00,AED,D,05-11-2020,0.00,AED,D,05-11-2020,0.00,AED,D,02-12-2020,1,440,CBX1205203888451
998CWPR200920001 INV. DEP./ WAKALA DEP. ENCASHED,04-01-2020,04-01-2020,5000000.00,NMSC,998CWPR200920001,C,INV. DEP./ WAKALA DEP. ENCASHED,00x52xxxxxxxx001,0.00,AED,D,05-11-2020,0.00,AED,D,05-11-2020,0.00,AED,D,02-12-2020,1,440,CBX1205203888451
998CWPRAED 00001 INVST DEPOSIT PROFIT,04-01-2020,04-01-2020,193166.67,NMSC,998CWPRAED 00001,C,INVST DEPOSIT PROFIT,00x52xxxxxxxx001,0.00,AED,D,05-11-2020,0.00,AED,D,05-11-2020,0.00,AED,D,02-12-2020,1,440,CBX1205203888451
998CWPR200920001 INV. DEP./ WAKALA DEP. ENCASHED,04-01-2020,04-01-2020,5000000.00,NMSC,998CWPR200920001,C,INV. DEP./ WAKALA DEP. ENCASHED,00x52xxxxxxxx001,0.00,AED,D,05-11-2020,0.00,AED,D,05-11-2020,0.00,AED,D,02-12-2020,1,440,CBX1205203888451
998CWPRAED 00001 INVST DEPOSIT PROFIT,04-01-2020,04-01-2020,193166.67,NMSC,998CWPRAED 00001,C,INVST DEPOSIT PROFIT,00x52xxxxxxxx001,0.00,AED,D,05-11-2020,0.00,AED,D,05-11-2020,0.00,AED,D,02-12-2020,1,440,CBX1205203888451
998CWPR200920001 INV. DEP./ WAKALA DEP. ENCASHED,04-01-2020,04-01-2020,5000000.00,NMSC,998CWPR200920001,C,INV. DEP./ WAKALA DEP. ENCASHED,00x52xxxxxxxx001,0.00,AED,D,05-11-2020,0.00,AED,D,05-11-2020,0.00,AED,D,02-12-2020,1,440,CBX1205203888451
998CWPRAED 00001 INVST DEPOSIT PROFIT,04-01-2020,04-01-2020,193166.67,NMSC,998CWPRAED 00001,C,INVST DEPOSIT PROFIT,00x52xxxxxxxx001,0.00,AED,D,05-11-2020,0.00,AED,D,05-11-2020,0.00,AED,D,02-12-2020,1,440,CBX1205203888451
998CWPR200920001 INV. DEP./ WAKALA DEP. ENCASHED,04-01-2020,04-01-2020,5000000.00,NMSC,998CWPR200920001,C,INV. DEP./ WAKALA DEP. ENCASHED,00x52xxxxxxxx001,0.00,AED,D,05-11-2020,0.00,AED,D,05-11-2020,0.00,AED,D,02-12-2020,1,440,CBX1205203888451
998CWPRAED 00001 INVST DEPOSIT PROFIT,04-01-2020,04-01-2020,193166.67,NMSC,998CWPRAED 00001,C,INVST DEPOSIT PROFIT,00x52xxxxxxxx001,0.00,AED,D,05-11-2020,0.00,AED,D,05-11-2020,0.00,AED,D,02-12-2020,1,440,CBX1205203888451
998CWPR200920001 INV. DEP./ WAKALA DEP. ENCASHED,04-01-2020,04-01-2020,5000000.00,NMSC,998CWPR200920001,C,INV. DEP./ WAKALA DEP. ENCASHED,00x52xxxxxxxx001,0.00,AED,D,05-11-2020,0.00,AED,D,05-11-2020,0.00,AED,D,02-12-2020,1,440,CBX1205203888451
998CWPRAED 00001 INVST DEPOSIT PROFIT,04-01-2020,04-01-2020,193166.67,NMSC,998CWPRAED 00001,C,INVST DEPOSIT PROFIT,00x52xxxxxxxx001,0.00,AED,D,05-11-2020,0.00,AED,D,05-11-2020,0.00,AED,D,02-12-2020,1,440,CBX1205203888451
998CWPR200920001 INV. DEP./ WAKALA DEP. ENCASHED,04-01-2020,04-01-2020,5000000.00,NMSC,998CWPR200920001,C,INV. DEP./ WAKALA DEP. ENCASHED,00x52xxxxxxxx001,0.00,AED,D,05-11-2020,0.00,AED,D,05-11-2020,0.00,AED,D,02-12-2020,1,440,CBX1205203888451
998CWPRAED 00001 INVST DEPOSIT PROFIT,04-01-2020,04-01-2020,193166.67,NMSC,998CWPRAED 00001,C,INVST DEPOSIT PROFIT,00x52xxxxxxxx001,0.00,AED,D,05-11-2020,0.00,AED,D,05-11-2020,0.00,AED,D,02-12-2020,1,440,CBX1205203888451
998CWPR200920001 INV. DEP./ WAKALA DEP. ENCASHED,04-01-2020,04-01-2020,5000000.00,NMSC,998CWPR200920001,C,INV. DEP./ WAKALA DEP. ENCASHED,00x52xxxxxxxx001,0.00,AED,D,05-11-2020,0.00,AED,D,05-11-2020,0.00,AED,D,02-12-2020,1,440,CBX1205203888451
998CWPRAED 00001 INVST DEPOSIT PROFIT,04-01-2020,04-01-2020,193166.67,NMSC,998CWPRAED 00001,C,INVST DEPOSIT PROFIT,00x52xxxxxxxx001,0.00,AED,D,05-11-2020,0.00,AED,D,05-11-2020,0.00,AED,D,02-12-2020,1,440,CBX1205203888451
998CWPR200920001 INV. DEP./ WAKALA DEP. ENCASHED,04-01-2020,04-01-2020,5000000.00,NMSC,998CWPR200920001,C,INV. DEP./ WAKALA DEP. ENCASHED,00x52xxxxxxxx001,0.00,AED,D,05-11-2020,0.00,AED,D,05-11-2020,0.00,AED,D,02-12-2020,1,440,CBX1205203888451
998CWPRAED 00001 INVST DEPOSIT PROFIT,04-01-2020,04-01-2020,193166.67,NMSC,998CWPRAED 00001,C,INVST DEPOSIT PROFIT,00x52xxxxxxxx001,0.00,AED,D,05-11-2020,0.00,AED,D,05-11-2020,0.00,AED,D,02-12-2020,1,440,CBX1205203888451
998CWPR200920001 INV. DEP./ WAKALA DEP. ENCASHED,04-01-2020,04-01-2020,5000000.00,NMSC,998CWPR200920001,C,INV. DEP./ WAKALA DEP. ENCASHED,00x52xxxxxxxx001,0.00,AED,D,05-11-2020,0.00,AED,D,05-11-2020,0.00,AED,D,02-12-2020,1,440,CBX1205203888451
998CWPRAED 00001 INVST DEPOSIT PROFIT,04-01-2020,04-01-2020,193166.67,NMSC,998CWPRAED 00001,C,INVST DEPOSIT PROFIT,00x52xxxxxxxx001,0.00,AED,D,05-11-2020,0.00,AED,D,05-11-2020,0.00,AED,D,02-12-2020,1,440,CBX1205203888451
998CWPR200920001 INV. DEP./ WAKALA DEP. ENCASHED,04-01-2020,04-01-2020,5000000.00,NMSC,998CWPR200920001,C,INV. DEP./ WAKALA DEP. ENCASHED,00x52xxxxxxxx001,0.00,AED,D,05-11-2020,0.00,AED,D,05-11-2020,0.00,AED,D,02-12-2020,1,440,CBX1205203888451
998CWPRAED 00001 INVST DEPOSIT PROFIT,04-01-2020,04-01-2020,193166.67,NMSC,998CWPRAED 00001,C,INVST DEPOSIT PROFIT,00x52xxxxxxxx001,0.00,AED,D,05-11-2020,0.00,AED,D,05-11-2020,0.00,AED,D,02-12-2020,1,440,CBX1205203888451
998CWPR200920001 INV. DEP./ WAKALA DEP. ENCASHED,04-01-2020,04-01-2020,5000000.00,NMSC,998CWPR200920001,C,INV. DEP./ WAKALA DEP. ENCASHED,00x52xxxxxxxx001,0.00,AED,D,05-11-2020,0.00,AED,D,05-11-2020,0.00,AED,D,02-12-2020,1,440,CBX1205203888451
998CWPRAED 00001 INVST DEPOSIT PROFIT,04-01-2020,04-01-2020,193166.67,NMSC,998CWPRAED 00001,C,INVST DEPOSIT PROFIT,00x52xxxxxxxx001,0.00,AED,D,05-11-2020,0.00,AED,D,05-11-2020,0.00,AED,D,02-12-2020,1,440,CBX1205203888451
998CWPR200920001 INV. DEP./ WAKALA DEP. ENCASHED,04-01-2020,04-01-2020,5000000.00,NMSC,998CWPR200920001,C,INV. DEP./ WAKALA DEP. ENCASHED,00x52xxxxxxxx001,0.00,AED,D,05-11-2020,0.00,AED,D,05-11-2020,0.00,AED,D,02-12-2020,1,440,CBX1205203888451
998CWPRAED 00001 INVST DEPOSIT PROFIT,04-01-2020,04-01-2020,193166.67,NMSC,998CWPRAED 00001,C,INVST DEPOSIT PROFIT,00x52xxxxxxxx001,0.00,AED,D,05-11-2020,0.00,AED,D,05-11-2020,0.00,AED,D,02-12-2020,1,440,CBX1205203888451
998CWPR200920001 INV. DEP./ WAKALA DEP. ENCASHED,04-01-2020,04-01-2020,5000000.00,NMSC,998CWPR200920001,C,INV. DEP./ WAKALA DEP. ENCASHED,00x52xxxxxxxx001,0.00,AED,D,05-11-2020,0.00,AED,D,05-11-2020,0.00,AED,D,02-12-2020,1,440,CBX1205203888451
998CWPRAED 00001 INVST DEPOSIT PROFIT,04-01-2020,04-01-2020,193166.67,NMSC,998CWPRAED 00001,C,INVST DEPOSIT PROFIT,00x52xxxxxxxx001,0.00,AED,D,05-11-2020,0.00,AED,D,05-11-2020,0.00,AED,D,02-12-2020,1,440,CBX1205203888451
998CWPR200920001 INV. DEP./ WAKALA DEP. ENCASHED,04-01-2020,04-01-2020,5000000.00,NMSC,998CWPR200920001,C,INV. DEP./ WAKALA DEP. ENCASHED,00x52xxxxxxxx001,0.00,AED,D,05-11-2020,0.00,AED,D,05-11-2020,0.00,AED,D,02-12-2020,1,440,CBX1205203888451
998CWPRAED 00001 INVST DEPOSIT PROFIT,04-01-2020,04-01-2020,193166.67,NMSC,998CWPRAED 00001,C,INVST DEPOSIT PROFIT,00x52xxxxxxxx001,0.00,AED,D,05-11-2020,0.00,AED,D,05-11-2020,0.00,AED,D,02-12-2020,1,440,CBX1205203888451
998CWPR200920001 INV. DEP./ WAKALA DEP. ENCASHED,04-01-2020,04-01-2020,5000000.00,NMSC,998CWPR200920001,C,INV. DEP./ WAKALA DEP. ENCASHED,00x52xxxxxxxx001,0.00,AED,D,05-11-2020,0.00,AED,D,05-11-2020,0.00,AED,D,02-12-2020,1,440,CBX1205203888451
998CWPRAED 00001 INVST DEPOSIT PROFIT,04-01-2020,04-01-2020,193166.67,NMSC,998CWPRAED 00001,C,INVST DEPOSIT PROFIT,00x52xxxxxxxx001,0.00,AED,D,05-11-2020,0.00,AED,D,05-11-2020,0.00,AED,D,02-12-2020,1,440,CBX1205203888451
998CWPR200920001 INV. DEP./ WAKALA DEP. ENCASHED,04-01-2020,04-01-2020,5000000.00,NMSC,998CWPR200920001,C,INV. DEP./ WAKALA DEP. ENCASHED,00x52xxxxxxxx001,0.00,AED,D,05-11-2020,0.00,AED,D,05-11-2020,0.00,AED,D,02-12-2020,1,440,CBX1205203888451
998CWPRAED 00001 INVST DEPOSIT PROFIT,04-01-2020,04-01-2020,193166.67,NMSC,998CWPRAED 00001,C,INVST DEPOSIT PROFIT,00x52xxxxxxxx001,0.00,AED,D,05-11-2020,0.00,AED,D,05-11-2020,0.00,AED,D,02-12-2020,1,440,CBX1205203888451
998CWPR200920001 INV. DEP./ WAKALA DEP. ENCASHED,04-01-2020,04-01-2020,5000000.00,NMSC,998CWPR200920001,C,INV. DEP./ WAKALA DEP. ENCASHED,00x52xxxxxxxx001,0.00,AED,D,05-11-2020,0.00,AED,D,05-11-2020,0.00,AED,D,02-12-2020,1,440,CBX1205203888451
998CWPRAED 00001 INVST DEPOSIT PROFIT,04-01-2020,04-01-2020,193166.67,NMSC,998CWPRAED 00001,C,INVST DEPOSIT PROFIT,00x52xxxxxxxx001,0.00,AED,D,05-11-2020,0.00,AED,D,05-11-2020,0.00,AED,D,02-12-2020,1,440,CBX1205203888451
998CWPR200920001 INV. DEP./ WAKALA DEP. ENCASHED,04-01-2020,04-01-2020,5000000.00,NMSC,998CWPR200920001,C,INV. DEP./ WAKALA DEP. ENCASHED,00x52xxxxxxxx001,0.00,AED,D,05-11-2020,0.00,AED,D,05-11-2020,0.00,AED,D,02-12-2020,1,440,CBX1205203888451
998CWPRAED 00001 INVST DEPOSIT PROFIT,04-01-2020,04-01-2020,193166.67,NMSC,998CWPRAED 00001,C,INVST DEPOSIT PROFIT,00x52xxxxxxxx001,0.00,AED,D,05-11-2020,0.00,AED,D,05-11-2020,0.00,AED,D,02-12-2020,1,440,CBX1205203888451
998CWPR200920001 INV. DEP./ WAKALA DEP. ENCASHED,04-01-2020,04-01-2020,5000000.00,NMSC,998CWPR200920001,C,INV. DEP./ WAKALA DEP. ENCASHED,00x52xxxxxxxx001,0.00,AED,D,05-11-2020,0.00,AED,D,05-11-2020,0.00,AED,D,02-12-2020,1,440,CBX1205203888451
998CWPRAED 00001 INVST DEPOSIT PROFIT,04-01-2020,04-01-2020,193166.67,NMSC,998CWPRAED 00001,C,INVST DEPOSIT PROFIT,00x52xxxxxxxx001,0.00,AED,D,05-11-2020,0.00,AED,D,05-11-2020,0.00,AED,D,02-12-2020,1,440,CBX1205203888451
998CWPR200920001 INV. DEP./ WAKALA DEP. ENCASHED,04-01-2020,04-01-2020,5000000.00,NMSC,998CWPR200920001,C,INV. DEP./ WAKALA DEP. ENCASHED,00x52xxxxxxxx001,0.00,AED,D,05-11-2020,0.00,AED,D,05-11-2020,0.00,AED,D,02-12-2020,1,440,CBX1205203888451
998CWPRAED 00001 INVST DEPOSIT PROFIT,04-01-2020,04-01-2020,193166.67,NMSC,998CWPRAED 00001,C,INVST DEPOSIT PROFIT,00x52xxxxxxxx001,0.00,AED,D,05-11-2020,0.00,AED,D,05-11-2020,0.00,AED,D,02-12-2020,1,440,CBX1205203888451
009ZLQM200910001 SWEEP IN From :XXX58XXXX1001 To:00x52xxxxxxxx00,03-31-2020,03-31-2020,217709.00,NTRF,009ZLQM200910001,C,SWEEP IN,00x52xxxxxxxx001,0.00,AED,D,05-11-2020,0.00,AED,D,05-11-2020,0.00,AED,D,02-12-2020,1,440,CBX1205203888451
997i830200910001 OUTGOING DOMESTIC FUND TRANSFER BTXXXX2901618606,03-31-2020,03-31-2020,210000.00,NTRF,997i830200910001,D,OUTGOING DOMESTIC FUND TRANSFER,00x52xxxxxxxx001,0.00,AED,D,05-11-2020,0.00,AED,D,05-11-2020,0.00,AED,D,02-12-2020,1,440,CBX1205203888451
596949 I/W CLEARING CHEQUE,03-31-2020,03-31-2020,7709.00,NCHK,596949,D,I/W CLEARING CHEQUE,00x52xxxxxxxx001,0.00,AED,D,05-11-2020,0.00,AED,D,05-11-2020,0.00,AED,D,02-12-2020,1,440,CBX1205203888451
009ZLQM200900001 SWEEP IN From :XXX58XXXX1001 To:00x52xxxxxxxx00,03-30-2020,03-30-2020,28875.86,NTRF,009ZLQM200900001,C,SWEEP IN,00x52xxxxxxxx001,0.00,AED,D,05-11-2020,0.00,AED,D,05-11-2020,0.00,AED,D,02-12-2020,1,440,CBX1205203888451
997e574200900001 ACCOUNT TO ACCOUNT TRANSFER DEBIT BTXXXX24015621,03-30-2020,03-30-2020,52.50,NTRF,997e574200900001,D,ACCOUNT TO ACCOUNT TRANSFER DEBIT,00x52xxxxxxxx001,0.00,AED,D,05-11-2020,0.00,AED,D,05-11-2020,0.00,AED,D,02-12-2020,1,440,CBX1205203888451
997e499200900002 OUTGOING DOMESTIC FUND TRANSFER BTXXXX2901615000,03-30-2020,03-30-2020,15750.00,NTRF,997e499200900002,D,OUTGOING DOMESTIC FUND TRANSFER,00x52xxxxxxxx001,0.00,AED,D,05-11-2020,0.00,AED,D,05-11-2020,0.00,AED,D,02-12-2020,1,440,CBX1205203888451
997e529200900001 OUTGOING DOMESTIC FUND TRANSFER BTXXXX2901614948,03-30-2020,03-30-2020,308.03,NTRF,997e529200900001,D,OUTGOING DOMESTIC FUND TRANSFER,00x52xxxxxxxx001,0.00,AED,D,05-11-2020,0.00,AED,D,05-11-2020,0.00,AED,D,02-12-2020,1,440,CBX1205203888451
596948 COUNTER CHEQUE WITHDRAWAL,03-30-2020,03-30-2020,12765.33,NCHK,596948,D,COUNTER CHEQUE WITHDRAWAL,00x52xxxxxxxx001,0.00,AED,D,05-11-2020,0.00,AED,D,05-11-2020,0.00,AED,D,02-12-2020,1,440,CBX1205203888451
009ZLQM200890001 SWEEP IN From :XXX58XXXX1001 To:00x52xxxxxxxx00,03-29-2020,03-29-2020,1596.55,NTRF,009ZLQM200890001,C,SWEEP IN,00x52xxxxxxxx001,0.00,AED,D,05-11-2020,0.00,AED,D,05-11-2020,0.00,AED,D,02-12-2020,1,440,CBX1205203888451
596947 COUNTER CHEQUE WITHDRAWAL,03-29-2020,03-29-2020,1596.55,NCHK,596947,D,COUNTER CHEQUE WITHDRAWAL,00x52xxxxxxxx001,0.00,AED,D,05-11-2020,0.00,AED,D,05-11-2020,0.00,AED,D,02-12-2020,1,440,CBX1205203888451
009ZLQM200860001 SWEEP IN From :XXX58XXXX1001 To:00x52xxxxxxxx00,03-26-2020,03-26-2020,1787590.96,NTRF,009ZLQM200860001,C,SWEEP IN,00x52xxxxxxxx001,0.00,AED,D,05-11-2020,0.00,AED,D,05-11-2020,0.00,AED,D,02-12-2020,1,440,CBX1205203888451
997b675200860001 ACCOUNT TO ACCOUNT TRANSFER DEBIT H2HXXXX2316767,03-26-2020,03-26-2020,1787590.96,NTRF,997b675200860001,D,ACCOUNT TO ACCOUNT TRANSFER DEBIT,00x52xxxxxxxx001,0.00,AED,D,05-11-2020,0.00,AED,D,05-11-2020,0.00,AED,D,02-12-2020,1,440,CBX1205203888451
997SWOT183310001 SWEEP OUT DEBIT To - XXX58XXXX1001 -,03-25-2020,03-24-2020,15750.00,NTRF,997SWOT183310001,D,SWEEP OUT DEBIT,00x52xxxxxxxx001,0.00,AED,D,05-11-2020,0.00,AED,D,05-11-2020,0.00,AED,D,02-12-2020,1,440,CBX1205203888451
99703cq200840001 TRANSFER 2022003190001646 1032003190036517 00,03-24-2020,03-24-2020,15750.00,NTRF,99703cq200840001,C,TRANSFER,00x52xxxxxxxx001,0.00,AED,D,05-11-2020,0.00,AED,D,05-11-2020,0.00,AED,D,02-12-2020,1,440,CBX1205203888451
009ZLQM200820001 SWEEP IN From :XXX58XXXX1001 To:00x52xxxxxxxx00,03-22-2020,03-22-2020,212800.00,NTRF,009ZLQM200820001,C,SWEEP IN,00x52xxxxxxxx001,0.00,AED,D,05-11-2020,0.00,AED,D,05-11-2020,0.00,AED,D,02-12-2020,1,440,CBX1205203888451
997a976200820001 OUTGOING DOMESTIC FUND TRANSFER BTXXXX0201483793,03-22-2020,03-22-2020,12800.00,NTRF,997a976200820001,D,OUTGOING DOMESTIC FUND TRANSFER,00x52xxxxxxxx001,0.00,AED,D,05-11-2020,0.00,AED,D,05-11-2020,0.00,AED,D,02-12-2020,1,440,CBX1205203888451
997a975200820001 OUTGOING DOMESTIC FUND TRANSFER BTXXXX0201483791,03-22-2020,03-22-2020,100000.00,NTRF,997a975200820001,D,OUTGOING DOMESTIC FUND TRANSFER,00x52xxxxxxxx001,0.00,AED,D,05-11-2020,0.00,AED,D,05-11-2020,0.00,AED,D,02-12-2020,1,440,CBX1205203888451
997a969200820002 OUTGOING DOMESTIC FUND TRANSFER BTXXXX0201483790,03-22-2020,03-22-2020,100000.00,NTRF,997a969200820002,D,OUTGOING DOMESTIC FUND TRANSFER,00x52xxxxxxxx001,0.00,AED,D,05-11-2020,0.00,AED,D,05-11-2020,0.00,AED,D,02-12-2020,1,440,CBX1205203888451
009ZLQM200790001 SWEEP IN From :XXX58XXXX1001 To:00x52xxxxxxxx00,03-19-2020,03-19-2020,121444.75,NTRF,009ZLQM200790001,C,SWEEP IN,00x52xxxxxxxx001,0.00,AED,D,05-11-2020,0.00,AED,D,05-11-2020,0.00,AED,D,02-12-2020,1,440,CBX1205203888451
997d345200790001 ACCOUNT TO ACCOUNT TRANSFER DEBIT BTXXXX19015296,03-19-2020,03-19-2020,210.00,NTRF,997d345200790001,D,ACCOUNT TO ACCOUNT TRANSFER DEBIT,00x52xxxxxxxx001,0.00,AED,D,05-11-2020,0.00,AED,D,05-11-2020,0.00,AED,D,02-12-2020,1,440,CBX1205203888451
997c224200790001 OUTGOING DOMESTIC FUND TRANSFER BTXXXX1801526058,03-19-2020,03-19-2020,9339.75,NTRF,997c224200790001,D,OUTGOING DOMESTIC FUND TRANSFER,00x52xxxxxxxx001,0.00,AED,D,05-11-2020,0.00,AED,D,05-11-2020,0.00,AED,D,02-12-2020,1,440,CBX1205203888451
997c223200790001 OUTGOING DOMESTIC FUND TRANSFER BTXXXX1801524813,03-19-2020,03-19-2020,15750.00,NTRF,997c223200790001,D,OUTGOING DOMESTIC FUND TRANSFER,00x52xxxxxxxx001,0.00,AED,D,05-11-2020,0.00,AED,D,05-11-2020,0.00,AED,D,02-12-2020,1,440,CBX1205203888451
997c222200790001 OUTGOING DOMESTIC FUND TRANSFER BTXXXX1801524811,03-19-2020,03-19-2020,9450.00,NTRF,997c222200790001,D,OUTGOING DOMESTIC FUND TRANSFER,00x52xxxxxxxx001,0.00,AED,D,05-11-2020,0.00,AED,D,05-11-2020,0.00,AED,D,02-12-2020,1,440,CBX1205203888451
997c247200790001 OUTGOING DOMESTIC FUND TRANSFER BTXXXX1801524812,03-19-2020,03-19-2020,2625.00,NTRF,997c247200790001,D,OUTGOING DOMESTIC FUND TRANSFER,00x52xxxxxxxx001,0.00,AED,D,05-11-2020,0.00,AED,D,05-11-2020,0.00,AED,D,02-12-2020,1,440,CBX1205203888451
997c245200790001 OUTGOING DOMESTIC FUND TRANSFER BTXXXX1701519863,03-19-2020,03-19-2020,7370.00,NTRF,997c245200790001,D,OUTGOING DOMESTIC FUND TRANSFER,00x52xxxxxxxx001,0.00,AED,D,05-11-2020,0.00,AED,D,05-11-2020,0.00,AED,D,02-12-2020,1,440,CBX1205203888451
997c243200790001 OUTGOING DOMESTIC FUND TRANSFER BTXXXX1701520591,03-19-2020,03-19-2020,17325.00,NTRF,997c243200790001,D,OUTGOING DOMESTIC FUND TRANSFER,00x52xxxxxxxx001,0.00,AED,D,05-11-2020,0.00,AED,D,05-11-2020,0.00,AED,D,02-12-2020,1,440,CBX1205203888451
997c244200790001 OUTGOING DOMESTIC FUND TRANSFER BTXXXX1701520584,03-19-2020,03-19-2020,22050.00,NTRF,997c244200790001,D,OUTGOING DOMESTIC FUND TRANSFER,00x52xxxxxxxx001,0.00,AED,D,05-11-2020,0.00,AED,D,05-11-2020,0.00,AED,D,02-12-2020,1,440,CBX1205203888451
997c220200790001 OUTGOING DOMESTIC FUND TRANSFER BTXXXX1701520589,03-19-2020,03-19-2020,17325.00,NTRF,997c220200790001,D,OUTGOING DOMESTIC FUND TRANSFER,00x52xxxxxxxx001,0.00,AED,D,05-11-2020,0.00,AED,D,05-11-2020,0.00,AED,D,02-12-2020,1,440,CBX1205203888451
997c219200790001 OUTGOING DOMESTIC FUND TRANSFER BTXXXX1701519872,03-19-2020,03-19-2020,20000.00,NTRF,997c219200790001,D,OUTGOING DOMESTIC FUND TRANSFER,00x52xxxxxxxx001,0.00,AED,D,05-11-2020,0.00,AED,D,05-11-2020,0.00,AED,D,02-12-2020,1,440,CBX1205203888451
009ZLQM200750002 SWEEP IN From :XXX58XXXX1001 To:00x52xxxxxxxx00,03-16-2020,03-15-2020,26048.37,NTRF,009ZLQM200750002,C,SWEEP IN,00x52xxxxxxxx001,0.00,AED,D,05-11-2020,0.00,AED,D,05-11-2020,0.00,AED,D,02-12-2020,1,440,CBX1205203888451
997e925200750001 OUTGOING DOMESTIC FUND TRANSFER BTXXXX1101512846,03-15-2020,03-15-2020,3407.25,NTRF,997e925200750001,D,OUTGOING DOMESTIC FUND TRANSFER,00x52xxxxxxxx001,0.00,AED,D,05-11-2020,0.00,AED,D,05-11-2020,0.00,AED,D,02-12-2020,1,440,CBX1205203888451
997e924200750001 OUTGOING DOMESTIC FUND TRANSFER BTXXXX1101512506,03-15-2020,03-15-2020,15667.81,NTRF,997e924200750001,D,OUTGOING DOMESTIC FUND TRANSFER,00x52xxxxxxxx001,0.00,AED,D,05-11-2020,0.00,AED,D,05-11-2020,0.00,AED,D,02-12-2020,1,440,CBX1205203888451
997e899200750001 OUTGOING DOMESTIC FUND TRANSFER BTXXXX1001505354,03-15-2020,03-15-2020,1754.85,NTRF,997e899200750001,D,OUTGOING DOMESTIC FUND TRANSFER,00x52xxxxxxxx001,0.00,AED,D,05-11-2020,0.00,AED,D,05-11-2020,0.00,AED,D,02-12-2020,1,440,CBX1205203888451
997e922200750001 OUTGOING DOMESTIC FUND TRANSFER BTXXXX1101512843,03-15-2020,03-15-2020,350.66,NTRF,997e922200750001,D,OUTGOING DOMESTIC FUND TRANSFER,00x52xxxxxxxx001,0.00,AED,D,05-11-2020,0.00,AED,D,05-11-2020,0.00,AED,D,02-12-2020,1,440,CBX1205203888451
997e898200750001 OUTGOING DOMESTIC FUND TRANSFER BTXXXX1001505343,03-15-2020,03-15-2020,4867.80,NTRF,997e898200750001,D,OUTGOING DOMESTIC FUND TRANSFER,00x52xxxxxxxx001,0.00,AED,D,05-11-2020,0.00,AED,D,05-11-2020,0.00,AED,D,02-12-2020,1,440,CBX1205203888451
009ZLQM200720001 SWEEP IN From :XXX58XXXX1001 To:00x52xxxxxxxx00,03-12-2020,03-12-2020,15677.44,NTRF,009ZLQM200720001,C,SWEEP IN,00x52xxxxxxxx001,0.00,AED,D,05-11-2020,0.00,AED,D,05-11-2020,0.00,AED,D,02-12-2020,1,440,CBX1205203888451
596946 COUNTER CHEQUE WITHDRAWAL,03-12-2020,03-12-2020,1980.00,NCHK,596946,D,COUNTER CHEQUE WITHDRAWAL,00x52xxxxxxxx001,0.00,AED,D,05-11-2020,0.00,AED,D,05-11-2020,0.00,AED,D,02-12-2020,1,440,CBX1205203888451
596943 COUNTER CHEQUE WITHDRAWAL,03-12-2020,03-12-2020,13697.44,NCHK,596943,D,COUNTER CHEQUE WITHDRAWAL,00x52xxxxxxxx001,0.00,AED,D,05-11-2020,0.00,AED,D,05-11-2020,0.00,AED,D,02-12-2020,1,440,CBX1205203888451
009ZLQM200710001 SWEEP IN From :XXX58XXXX1001 To:00x52xxxxxxxx00,03-11-2020,03-11-2020,50000.00,NTRF,009ZLQM200710001,C,SWEEP IN,00x52xxxxxxxx001,0.00,AED,D,05-11-2020,0.00,AED,D,05-11-2020,0.00,AED,D,02-12-2020,1,440,CBX1205203888451
596945 COUNTER CHEQUE WITHDRAWAL,03-11-2020,03-11-2020,50000.00,NCHK,596945,D,COUNTER CHEQUE WITHDRAWAL,00x52xxxxxxxx001,0.00,AED,D,05-11-2020,0.00,AED,D,05-11-2020,0.00,AED,D,02-12-2020,1,440,CBX1205203888451
009ZLQM200690001 SWEEP IN From :XXX58XXXX1001 To:00x52xxxxxxxx00,03-09-2020,03-09-2020,63755.91,NTRF,009ZLQM200690001,C,SWEEP IN,00x52xxxxxxxx001,0.00,AED,D,05-11-2020,0.00,AED,D,05-11-2020,0.00,AED,D,02-12-2020,1,440,CBX1205203888451
997d800200690001 OUTGOING DOMESTIC FUND TRANSFER BTXXXX0901498850,03-09-2020,03-09-2020,25799.97,NTRF,997d800200690001,D,OUTGOING DOMESTIC FUND TRANSFER,00x52xxxxxxxx001,0.00,AED,D,05-11-2020,0.00,AED,D,05-11-2020,0.00,AED,D,02-12-2020,1,440,CBX1205203888451
997d825200690001 OUTGOING DOMESTIC FUND TRANSFER BTXXXX0501489937,03-09-2020,03-09-2020,32758.44,NTRF,997d825200690001,D,OUTGOING DOMESTIC FUND TRANSFER,00x52xxxxxxxx001,0.00,AED,D,05-11-2020,0.00,AED,D,05-11-2020,0.00,AED,D,02-12-2020,1,440,CBX1205203888451
997d799200690001 OUTGOING DOMESTIC FUND TRANSFER BTXXXX0901498563,03-09-2020,03-09-2020,5197.50,NTRF,997d799200690001,D,OUTGOING DOMESTIC FUND TRANSFER,00x52xxxxxxxx001,0.00,AED,D,05-11-2020,0.00,AED,D,05-11-2020,0.00,AED,D,02-12-2020,1,440,CBX1205203888451
009ZLQM200670001 SWEEP IN From :XXX58XXXX1001 To:00x52xxxxxxxx00,03-07-2020,03-07-2020,7790.00,NTRF,009ZLQM200670001,C,SWEEP IN,00x52xxxxxxxx001,0.00,AED,D,05-11-2020,0.00,AED,D,05-11-2020,0.00,AED,D,02-12-2020,1,440,CBX1205203888451
596942 I/W CLEARING CHEQUE,03-07-2020,03-07-2020,7790.00,NCHK,596942,D,I/W CLEARING CHEQUE,00x52xxxxxxxx001,0.00,AED,D,05-11-2020,0.00,AED,D,05-11-2020,0.00,AED,D,02-12-2020,1,440,CBX1205203888451
009ZLQM200650001 SWEEP IN From :XXX58XXXX1001 To:00x52xxxxxxxx00,03-05-2020,03-05-2020,2393000.00,NTRF,009ZLQM200650001,C,SWEEP IN,00x52xxxxxxxx001,0.00,AED,D,05-11-2020,0.00,AED,D,05-11-2020,0.00,AED,D,02-12-2020,1,440,CBX1205203888451
997a772200650001 ACCOUNT TO ACCOUNT TRANSFER DEBIT BTXXXX02014837,03-05-2020,03-05-2020,118000.00,NTRF,997a772200650001,D,ACCOUNT TO ACCOUNT TRANSFER DEBIT,00x52xxxxxxxx001,0.00,AED,D,05-11-2020,0.00,AED,D,05-11-2020,0.00,AED,D,02-12-2020,1,440,CBX1205203888451
997a811200650002 OUTGOING DOMESTIC FUND TRANSFER BTXXXX0201483732,03-05-2020,03-05-2020,1500000.00,NTRF,997a811200650002,D,OUTGOING DOMESTIC FUND TRANSFER,00x52xxxxxxxx001,0.00,AED,D,05-11-2020,0.00,AED,D,05-11-2020,0.00,AED,D,02-12-2020,1,440,CBX1205203888451
997a810200650001 OUTGOING DOMESTIC FUND TRANSFER BTXXXX0201483707,03-05-2020,03-05-2020,500000.00,NTRF,997a810200650001,D,OUTGOING DOMESTIC FUND TRANSFER,00x52xxxxxxxx001,0.00,AED,D,05-11-2020,0.00,AED,D,05-11-2020,0.00,AED,D,02-12-2020,1,440,CBX1205203888451
997a809200650001 OUTGOING DOMESTIC FUND TRANSFER BTXXXX0201483731,03-05-2020,03-05-2020,275000.00,NTRF,997a809200650001,D,OUTGOING DOMESTIC FUND TRANSFER,00x52xxxxxxxx001,0.00,AED,D,05-11-2020,0.00,AED,D,05-11-2020,0.00,AED,D,02-12-2020,1,440,CBX1205203888451
009ZLQM200640001 SWEEP IN From :XXX58XXXX1001 To:00x52xxxxxxxx00,03-04-2020,03-04-2020,230350.22,NTRF,009ZLQM200640001,C,SWEEP IN,00x52xxxxxxxx001,0.00,AED,D,05-11-2020,0.00,AED,D,05-11-2020,0.00,AED,D,02-12-2020,1,440,CBX1205203888451
997c333200640001 ACCOUNT TO ACCOUNT TRANSFER DEBIT H2HXXXX0315564,03-04-2020,03-04-2020,13962.00,NTRF,997c333200640001,D,ACCOUNT TO ACCOUNT TRANSFER DEBIT,00x52xxxxxxxx001,0.00,AED,D,05-11-2020,0.00,AED,D,05-11-2020,0.00,AED,D,02-12-2020,1,440,CBX1205203888451
997b561200640001 Pension H2HXXXX271526132,03-04-2020,03-04-2020,196888.22,NMSC,997b561200640001,D,Pension,00x52xxxxxxxx001,0.00,AED,D,05-11-2020,0.00,AED,D,05-11-2020,0.00,AED,D,02-12-2020,1,440,CBX1205203888451
997b512200640001 OUTGOING DOMESTIC FUND TRANSFER BTXXXX0201484884,03-04-2020,03-04-2020,19500.00,NTRF,997b512200640001,D,OUTGOING DOMESTIC FUND TRANSFER,00x52xxxxxxxx001,0.00,AED,D,05-11-2020,0.00,AED,D,05-11-2020,0.00,AED,D,02-12-2020,1,440,CBX1205203888451
009ZLQM200630001 SWEEP IN From :XXX58XXXX1001 To:00x52xxxxxxxx00,03-03-2020,03-03-2020,2100000.00,NTRF,009ZLQM200630001,C,SWEEP IN,00x52xxxxxxxx001,0.00,AED,D,05-11-2020,0.00,AED,D,05-11-2020,0.00,AED,D,02-12-2020,1,440,CBX1205203888451
595868 I/W CLEARING CHEQUE,03-03-2020,03-03-2020,2100000.00,NCHK,595868,D,I/W CLEARING CHEQUE,00x52xxxxxxxx001,0.00,AED,D,05-11-2020,0.00,AED,D,05-11-2020,0.00,AED,D,02-12-2020,1,440,CBX1205203888451
009ZLQM200610002 SWEEP IN From :XXX58XXXX1001 To:00x52xxxxxxxx00,03-01-2020,03-01-2020,406377.00,NTRF,009ZLQM200610002,C,SWEEP IN,00x52xxxxxxxx001,0.00,AED,D,05-11-2020,0.00,AED,D,05-11-2020,0.00,AED,D,02-12-2020,1,440,CBX1205203888451
997f382200610001 OUTGOING DOMESTIC FUND TRANSFER BTXXXX2701479796,03-01-2020,03-01-2020,50616.00,NTRF,997f382200610001,D,OUTGOING DOMESTIC FUND TRANSFER,00x52xxxxxxxx001,0.00,AED,D,05-11-2020,0.00,AED,D,05-11-2020,0.00,AED,D,02-12-2020,1,440,CBX1205203888451
997f383200610001 OUTGOING DOMESTIC FUND TRANSFER BTXXXX2701479797,03-01-2020,03-01-2020,44625.00,NTRF,997f383200610001,D,OUTGOING DOMESTIC FUND TRANSFER,00x52xxxxxxxx001,0.00,AED,D,05-11-2020,0.00,AED,D,05-11-2020,0.00,AED,D,02-12-2020,1,440,CBX1205203888451
997a352200610001 OUTGOING DOMESTIC FUND TRANSFER BTXXXX2701478828,03-01-2020,03-01-2020,26460.00,NTRF,997a352200610001,D,OUTGOING DOMESTIC FUND TRANSFER,00x52xxxxxxxx001,0.00,AED,D,05-11-2020,0.00,AED,D,05-11-2020,0.00,AED,D,02-12-2020,1,440,CBX1205203888451
997a360200610001 OUTGOING DOMESTIC FUND TRANSFER BTXXXX2701477572,03-01-2020,03-01-2020,9975.00,NTRF,997a360200610001,D,OUTGOING DOMESTIC FUND TRANSFER,00x52xxxxxxxx001,0.00,AED,D,05-11-2020,0.00,AED,D,05-11-2020,0.00,AED,D,02-12-2020,1,440,CBX1205203888451
997a329200610001 OUTGOING DOMESTIC FUND TRANSFER BTXXXX2701477173,03-01-2020,03-01-2020,25095.00,NTRF,997a329200610001,D,OUTGOING DOMESTIC FUND TRANSFER,00x52xxxxxxxx001,0.00,AED,D,05-11-2020,0.00,AED,D,05-11-2020,0.00,AED,D,02-12-2020,1,440,CBX1205203888451
997a328200610001 OUTGOING DOMESTIC FUND TRANSFER BTXXXX2701477550,03-01-2020,03-01-2020,6627.60,NTRF,997a328200610001,D,OUTGOING DOMESTIC FUND TRANSFER,00x52xxxxxxxx001,0.00,AED,D,05-11-2020,0.00,AED,D,05-11-2020,0.00,AED,D,02-12-2020,1,440,CBX1205203888451
997a327200610001 OUTGOING DOMESTIC FUND TRANSFER BTXXXX2701477184,03-01-2020,03-01-2020,29988.00,NTRF,997a327200610001,D,OUTGOING DOMESTIC FUND TRANSFER,00x52xxxxxxxx001,0.00,AED,D,05-11-2020,0.00,AED,D,05-11-2020,0.00,AED,D,02-12-2020,1,440,CBX1205203888451
997a326200610001 OUTGOING DOMESTIC FUND TRANSFER BTXXXX2701477514,03-01-2020,03-01-2020,42808.50,NTRF,997a326200610001,D,OUTGOING DOMESTIC FUND TRANSFER,00x52xxxxxxxx001,0.00,AED,D,05-11-2020,0.00,AED,D,05-11-2020,0.00,AED,D,02-12-2020,1,440,CBX1205203888451
997a325200610001 OUTGOING DOMESTIC FUND TRANSFER BTXXXX2701478811,03-01-2020,03-01-2020,27930.00,NTRF,997a325200610001,D,OUTGOING DOMESTIC FUND TRANSFER,00x52xxxxxxxx001,0.00,AED,D,05-11-2020,0.00,AED,D,05-11-2020,0.00,AED,D,02-12-2020,1,440,CBX1205203888451
997a323200610001 ACCOUNT TO ACCOUNT TRANSFER DEBIT BTXXXX27014775,03-01-2020,03-01-2020,80459.40,NTRF,997a323200610001,D,ACCOUNT TO ACCOUNT TRANSFER DEBIT,00x52xxxxxxxx001,0.00,AED,D,05-11-2020,0.00,AED,D,05-11-2020,0.00,AED,D,02-12-2020,1,440,CBX1205203888451
997a322200610001 OUTGOING DOMESTIC FUND TRANSFER BTXXXX2701477557,03-01-2020,03-01-2020,57960.00,NTRF,997a322200610001,D,OUTGOING DOMESTIC FUND TRANSFER,00x52xxxxxxxx001,0.00,AED,D,05-11-2020,0.00,AED,D,05-11-2020,0.00,AED,D,02-12-2020,1,440,CBX1205203888451
997a324200610001 ACCOUNT TO ACCOUNT TRANSFER DEBIT BTXXXX26014686,03-01-2020,03-01-2020,3832.50,NTRF,997a324200610001,D,ACCOUNT TO ACCOUNT TRANSFER DEBIT,00x52xxxxxxxx001,0.00,AED,D,05-11-2020,0.00,AED,D,05-11-2020,0.00,AED,D,02-12-2020,1,440,CBX1205203888451
009ZLQM200570001 SWEEP IN From :XXX58XXXX1001 To:00x52xxxxxxxx00,02-26-2020,02-26-2020,13997.01,NTRF,009ZLQM200570001,C,SWEEP IN,00x52xxxxxxxx001,0.00,AED,D,05-11-2020,0.00,AED,D,05-11-2020,0.00,AED,D,02-12-2020,1,440,CBX1205203888451
596940 COUNTER CHEQUE WITHDRAWAL,02-26-2020,02-26-2020,13997.01,NCHK,596940,D,COUNTER CHEQUE WITHDRAWAL,00x52xxxxxxxx001,0.00,AED,D,05-11-2020,0.00,AED,D,05-11-2020,0.00,AED,D,02-12-2020,1,440,CBX1205203888451
009ZLQM200560002 SWEEP IN From :XXX58XXXX1001 To:00x52xxxxxxxx00,02-25-2020,02-25-2020,1768413.60,NTRF,009ZLQM200560002,C,SWEEP IN,00x52xxxxxxxx001,0.00,AED,D,05-11-2020,0.00,AED,D,05-11-2020,0.00,AED,D,02-12-2020,1,440,CBX1205203888451
997q588200560001 ACCOUNT TO ACCOUNT TRANSFER DEBIT BLK25022031451,02-25-2020,02-25-2020,1768413.60,NTRF,997q588200560001,D,ACCOUNT TO ACCOUNT TRANSFER DEBIT,00x52xxxxxxxx001,0.00,AED,D,05-11-2020,0.00,AED,D,05-11-2020,0.00,AED,D,02-12-2020,1,440,CBX1205203888451
009ZLQM200540001 SWEEP IN From :XXX58XXXX1001 To:00x52xxxxxxxx00,02-23-2020,02-23-2020,70347.57,NTRF,009ZLQM200540001,C,SWEEP IN,00x52xxxxxxxx001,0.00,AED,D,05-11-2020,0.00,AED,D,05-11-2020,0.00,AED,D,02-12-2020,1,440,CBX1205203888451
596939 COUNTER CHEQUE WITHDRAWAL,02-23-2020,02-23-2020,1966.20,NCHK,596939,D,COUNTER CHEQUE WITHDRAWAL,00x52xxxxxxxx001,0.00,AED,D,05-11-2020,0.00,AED,D,05-11-2020,0.00,AED,D,02-12-2020,1,440,CBX1205203888451
997a252200540001 OUTGOING DOMESTIC FUND TRANSFER BTXXXX1901379439,02-23-2020,02-23-2020,9450.00,NTRF,997a252200540001,D,OUTGOING DOMESTIC FUND TRANSFER,00x52xxxxxxxx001,0.00,AED,D,05-11-2020,0.00,AED,D,05-11-2020,0.00,AED,D,02-12-2020,1,440,CBX1205203888451
997a251200540001 OUTGOING DOMESTIC FUND TRANSFER BTXXXX1701370672,02-23-2020,02-23-2020,6930.00,NTRF,997a251200540001,D,OUTGOING DOMESTIC FUND TRANSFER,00x52xxxxxxxx001,0.00,AED,D,05-11-2020,0.00,AED,D,05-11-2020,0.00,AED,D,02-12-2020,1,440,CBX1205203888451
997a279200540001 OUTGOING DOMESTIC FUND TRANSFER BTXXXX1901379450,02-23-2020,02-23-2020,2625.00,NTRF,997a279200540001,D,OUTGOING DOMESTIC FUND TRANSFER,00x52xxxxxxxx001,0.00,AED,D,05-11-2020,0.00,AED,D,05-11-2020,0.00,AED,D,02-12-2020,1,440,CBX1205203888451
997a250200540001 OUTGOING DOMESTIC FUND TRANSFER BTXXXX1901379461,02-23-2020,02-23-2020,33528.72,NTRF,997a250200540001,D,OUTGOING DOMESTIC FUND TRANSFER,00x52xxxxxxxx001,0.00,AED,D,05-11-2020,0.00,AED,D,05-11-2020,0.00,AED,D,02-12-2020,1,440,CBX1205203888451
997a274200540001 OUTGOING DOMESTIC FUND TRANSFER BTXXXX1901379449,02-23-2020,02-23-2020,2100.00,NTRF,997a274200540001,D,OUTGOING DOMESTIC FUND TRANSFER,00x52xxxxxxxx001,0.00,AED,D,05-11-2020,0.00,AED,D,05-11-2020,0.00,AED,D,02-12-2020,1,440,CBX1205203888451
997a248200540001 OUTGOING DOMESTIC FUND TRANSFER BTXXXX1901379526,02-23-2020,02-23-2020,4003.65,NTRF,997a248200540001,D,OUTGOING DOMESTIC FUND TRANSFER,00x52xxxxxxxx001,0.00,AED,D,05-11-2020,0.00,AED,D,05-11-2020,0.00,AED,D,02-12-2020,1,440,CBX1205203888451
997a272200540001 OUTGOING DOMESTIC FUND TRANSFER BTXXXX1901379529,02-23-2020,02-23-2020,9744.00,NTRF,997a272200540001,D,OUTGOING DOMESTIC FUND TRANSFER,00x52xxxxxxxx001,0.00,AED,D,05-11-2020,0.00,AED,D,05-11-2020,0.00,AED,D,02-12-2020,1,440,CBX1205203888451
009ZLQM200530001 SWEEP IN From :XXX58XXXX1001 To:00x52xxxxxxxx00,02-22-2020,02-22-2020,212800.00,NTRF,009ZLQM200530001,C,SWEEP IN,00x52xxxxxxxx001,0.00,AED,D,05-11-2020,0.00,AED,D,05-11-2020,0.00,AED,D,02-12-2020,1,440,CBX1205203888451
997a651200530001 OUTGOING DOMESTIC FUND TRANSFER BTXXXX0401341020,02-22-2020,02-22-2020,100000.00,NTRF,997a651200530001,D,OUTGOING DOMESTIC FUND TRANSFER,00x52xxxxxxxx001,0.00,AED,D,05-11-2020,0.00,AED,D,05-11-2020,0.00,AED,D,02-12-2020,1,440,CBX1205203888451
997a648200530001 OUTGOING DOMESTIC FUND TRANSFER BTXXXX0401341199,02-22-2020,02-22-2020,100000.00,NTRF,997a648200530001,D,OUTGOING DOMESTIC FUND TRANSFER,00x52xxxxxxxx001,0.00,AED,D,05-11-2020,0.00,AED,D,05-11-2020,0.00,AED,D,02-12-2020,1,440,CBX1205203888451
997a646200530001 OUTGOING DOMESTIC FUND TRANSFER BTXXXX0401340953,02-22-2020,02-22-2020,12800.00,NTRF,997a646200530001,D,OUTGOING DOMESTIC FUND TRANSFER,00x52xxxxxxxx001,0.00,AED,D,05-11-2020,0.00,AED,D,05-11-2020,0.00,AED,D,02-12-2020,1,440,CBX1205203888451
009ZLQM200500001 SWEEP IN From :XXX58XXXX1001 To:00x52xxxxxxxx00,02-19-2020,02-19-2020,13890.86,NTRF,009ZLQM200500001,C,SWEEP IN,00x52xxxxxxxx001,0.00,AED,D,05-11-2020,0.00,AED,D,05-11-2020,0.00,AED,D,02-12-2020,1,440,CBX1205203888451
997b610200500001 ACCOUNT TO ACCOUNT TRANSFER DEBIT H2HXXXX1714614,02-19-2020,02-19-2020,13890.86,NTRF,997b610200500001,D,ACCOUNT TO ACCOUNT TRANSFER DEBIT,00x52xxxxxxxx001,0.00,AED,D,05-11-2020,0.00,AED,D,05-11-2020,0.00,AED,D,02-12-2020,1,440,CBX1205203888451
009ZLQM200490001 SWEEP IN From :XXX58XXXX1001 To:00x52xxxxxxxx00,02-18-2020,02-18-2020,121624.96,NTRF,009ZLQM200490001,C,SWEEP IN,00x52xxxxxxxx001,0.00,AED,D,05-11-2020,0.00,AED,D,05-11-2020,0.00,AED,D,02-12-2020,1,440,CBX1205203888451
997e173200490001 OUTGOING DOMESTIC FUND TRANSFER BTXXXX1201358197,02-18-2020,02-18-2020,95130.00,NTRF,997e173200490001,D,OUTGOING DOMESTIC FUND TRANSFER,00x52xxxxxxxx001,0.00,AED,D,05-11-2020,0.00,AED,D,05-11-2020,0.00,AED,D,02-12-2020,1,440,CBX1205203888451
997e172200490001 OUTGOING DOMESTIC FUND TRANSFER BTXXXX1201358149,02-18-2020,02-18-2020,17937.51,NTRF,997e172200490001,D,OUTGOING DOMESTIC FUND TRANSFER,00x52xxxxxxxx001,0.00,AED,D,05-11-2020,0.00,AED,D,05-11-2020,0.00,AED,D,02-12-2020,1,440,CBX1205203888451
997e171200490002 OUTGOING DOMESTIC FUND TRANSFER BTXXXX1201358195,02-18-2020,02-18-2020,7140.00,NTRF,997e171200490002,D,OUTGOING DOMESTIC FUND TRANSFER,00x52xxxxxxxx001,0.00,AED,D,05-11-2020,0.00,AED,D,05-11-2020,0.00,AED,D,02-12-2020,1,440,CBX1205203888451
997e170200490001 OUTGOING DOMESTIC FUND TRANSFER BTXXXX1201358196,02-18-2020,02-18-2020,1417.45,NTRF,997e170200490001,D,OUTGOING DOMESTIC FUND TRANSFER,00x52xxxxxxxx001,0.00,AED,D,05-11-2020,0.00,AED,D,05-11-2020,0.00,AED,D,02-12-2020,1,440,CBX1205203888451
009ZLQM200430002 SWEEP IN From :XXX58XXXX1001 To:00x52xxxxxxxx00,02-12-2020,02-12-2020,211669.05,NTRF,009ZLQM200430002,C,SWEEP IN,00x52xxxxxxxx001,0.00,AED,D,05-11-2020,0.00,AED,D,05-11-2020,0.00,AED,D,02-12-2020,1,440,CBX1205203888451
997b555200430001 Pension H2HXXXX091418089,02-12-2020,02-12-2020,197707.05,NMSC,997b555200430001,D,Pension,00x52xxxxxxxx001,0.00,AED,D,05-11-2020,0.00,AED,D,05-11-2020,0.00,AED,D,02-12-2020,1,440,CBX1205203888451
997b554200430002 ACCOUNT TO ACCOUNT TRANSFER DEBIT H2HXXXX0914183,02-12-2020,02-12-2020,13962.00,NTRF,997b554200430002,D,ACCOUNT TO ACCOUNT TRANSFER DEBIT,00x52xxxxxxxx001,0.00,AED,D,05-11-2020,0.00,AED,D,05-11-2020,0.00,AED,D,02-12-2020,1,440,CBX1205203888451
WITHDRAWAL 2003412,02-08-2019,02-08-2019,5000.00,F803,Payer Name This,D,0802198032003412,032000000007,12000.00,AUD,C,02-05-2019,12000.00,AUD,C,02-05-2019,0.00,AUD,C,02-05-2019,001,00029,CSCT032000000007
WITHDRAWAL-OSKO PAYMENT 1413245,02-08-2019,02-08-2019,8000.00,F817,Payee Name This,D,0802198171413245,032000000007,12000.00,AUD,C,02-05-2019,12000.00,AUD,C,02-05-2019,0.00,AUD,C,02-05-2019,001,00029,CSCT032000000007
WITHDRAWAL-PAYMENT RETURN,02-08-2019,02-08-2019,780.00,F870,2413480 07 Feb 2,D,0802198701413245,032000000007,12000.00,AUD,C,02-05-2019,12000.00,AUD,C,02-05-2019,0.00,AUD,C,02-05-2019,001,00029,CSCT032000000007
WITHDRAWAL-OSKO PAYMENT RETURN,02-08-2019,02-08-2019,4000.00,F874,2413481 07 Feb 2,D,0802198741413245,032000000007,12000.00,AUD,C,02-05-2019,12000.00,AUD,C,02-05-2019,0.00,AUD,C,02-05-2019,001,00029,CSCT032000000007
DEPOSIT 2056575,02-08-2019,02-08-2019,6000.00,F886,Payee Name This,C,0802198862056575,032000000007,12000.00,AUD,C,02-05-2019,12000.00,AUD,C,02-05-2019,0.00,AUD,C,02-05-2019,001,00029,CSCT032000000007
DEPOSIT-OSKO PAYMENT 2003412,02-08-2019,02-08-2019,5000.00,F887,Payer Name This,C,0802198872003412,032000000007,12000.00,AUD,C,02-05-2019,12000.00,AUD,C,02-05-2019,0.00,AUD,C,02-05-2019,001,00029,CSCT032000000007
DEPOSIT-PAYMENT RETURN,02-08-2019,02-08-2019,5000.00,F891,1286995 05 Feb 2,C,0802198911413245,032000000007,12000.00,AUD,C,02-05-2019,12000.00,AUD,C,02-05-2019,0.00,AUD,C,02-05-2019,001,00029,CSCT032000000007
DEPOSIT-OSKO PAYMENT RETURN,02-08-2019,02-08-2019,8000.00,F892,1286995 05 Feb 2,C,0802198921413245,032000000007,12000.00,AUD,C,02-05-2019,12000.00,AUD,C,02-05-2019,0.00,AUD,C,02-05-2019,001,00029,CSCT032000000007
DEPOSIT-PAYMENT REVERSAL,02-08-2019,02-08-2019,5000.00,F895,2003412 07 Feb 2,C,0802198951413245,032000000007,12000.00,AUD,C,02-05-2019,12000.00,AUD,C,02-05-2019,0.00,AUD,C,02-05-2019,001,00029,CSCT032000000007
DEPOSIT-OSKO PAYMENT REVERSAL,02-08-2019,02-08-2019,8000.00,F896,5642137 07 Feb 2,C,0802198961413245,032000000007,12000.00,AUD,C,02-05-2019,12000.00,AUD,C,02-05-2019,0.00,AUD,C,02-05-2019,001,00029,CSCT032000000007
